user_id,avg_daily_sessions,avg_trade_duration_minutes,avg_risk_per_trade_pct,avg_win_rate,avg_rr,max_drawdown_pct,rule_violations_count,inactivity_days_after_purchase
USR000017,1.94,35.0,0.7,0.395,0.69,6.96,2,2
USR000024,1.94,49.2,0.52,0.507,1.2,2.53,0,6
USR000028,1.26,25.9,0.79,0.485,0.94,7.25,0,16
USR000036,0.93,22.8,0.97,0.33,0.8,8.17,1,12
USR000044,1.16,52.7,0.22,0.492,1.39,3.34,0,6
USR000062,1.01,21.1,0.73,0.486,1.25,4.11,0,9
USR000065,1.43,33.6,0.83,0.497,0.96,4.02,0,8
USR000070,1.83,54.2,0.14,0.458,1.17,1.0,0,3
USR000076,1.83,59.2,0.59,0.508,1.23,2.45,1,3
USR000077,1.9,37.7,0.89,0.447,1.27,4.75,2,4
USR000087,1.84,65.0,0.41,0.443,0.83,4.08,1,9
USR000106,0.93,24.0,1.13,0.311,0.69,7.22,2,18
USR000110,0.87,28.8,0.66,0.433,0.81,5.78,0,4
USR000132,1.55,46.1,0.7,0.398,0.93,3.7,0,1
USR000134,1.56,32.4,0.87,0.411,0.89,1.0,0,5
USR000143,0.91,26.4,1.04,0.468,0.94,3.5,2,10
USR000144,1.24,26.0,1.08,0.375,1.01,4.97,4,4
USR000152,0.97,18.6,0.8,0.49,1.5,1.0,0,0
USR000156,1.3,22.6,1.01,0.344,0.75,4.84,2,11
USR000158,0.72,27.5,1.26,0.493,0.98,5.64,2,6
USR000159,1.08,33.3,0.57,0.512,1.16,4.05,1,9
USR000180,1.67,39.6,0.6,0.542,1.45,3.29,0,6
USR000182,1.14,34.6,0.62,0.415,0.89,3.9,0,11
USR000187,1.32,41.2,0.77,0.457,1.28,4.47,1,6
USR000195,1.5,34.8,0.81,0.427,1.18,5.62,0,5
USR000199,1.36,45.6,0.22,0.487,1.15,3.8,0,9
USR000209,2.04,60.5,0.51,0.542,1.3,1.14,0,5
USR000210,2.11,18.3,1.17,0.337,1.03,10.28,3,10
USR000219,1.59,32.4,1.06,0.497,1.22,6.53,0,8
USR000225,1.61,40.0,0.92,0.418,0.93,4.5,3,10
USR000228,2.01,40.2,0.84,0.454,1.01,4.94,2,0
USR000229,0.75,38.3,0.63,0.511,1.42,1.0,0,8
USR000243,1.08,27.0,0.77,0.336,0.93,3.68,1,5
USR000249,1.54,48.6,0.76,0.443,1.16,2.18,1,3
USR000256,0.98,31.3,0.87,0.506,1.07,6.58,1,4
USR000257,0.76,30.1,0.88,0.338,0.96,8.73,1,13
USR000270,1.58,41.1,0.97,0.561,1.2,2.84,0,5
USR000275,2.18,58.4,0.5,0.518,1.4,1.31,1,9
USR000283,2.14,68.9,0.25,0.45,1.2,5.83,1,4
USR000292,1.41,54.3,0.71,0.464,1.0,7.23,1,16
USR000297,2.11,37.9,0.8,0.427,0.85,5.69,1,0
USR000311,1.48,27.2,0.82,0.486,1.11,5.66,0,4
USR000315,1.74,43.1,0.47,0.463,1.21,7.08,1,8
USR000320,1.26,27.2,0.75,0.524,1.23,3.83,1,6
USR000322,0.9,28.6,1.02,0.451,0.88,5.32,1,15
USR000334,1.71,34.9,0.85,0.398,1.0,5.09,1,5
USR000336,1.41,51.7,1.19,0.519,1.07,5.26,1,8
USR000338,0.98,41.9,0.77,0.478,1.26,6.13,0,8
USR000349,1.09,30.3,1.31,0.382,1.15,3.88,1,7
USR000356,1.56,33.2,0.96,0.442,0.92,3.87,3,11
USR000363,1.85,51.1,0.98,0.428,1.35,4.12,1,7
USR000384,1.23,59.8,0.12,0.551,1.54,2.77,0,8
USR000409,1.53,59.3,0.4,0.441,1.11,6.77,0,10
USR000423,1.2,36.8,0.92,0.477,0.78,3.35,2,6
USR000424,1.68,25.5,0.99,0.388,0.55,5.92,1,16
USR000427,1.38,42.4,0.92,0.423,1.22,4.68,2,13
USR000435,2.47,18.4,1.18,0.358,1.08,7.11,1,12
USR000438,1.49,59.9,0.4,0.406,1.21,2.99,0,6
USR000443,1.34,26.4,0.89,0.375,0.9,5.99,2,14
USR000459,1.43,70.3,0.48,0.477,1.24,5.36,0,12
USR000462,1.47,30.2,0.79,0.53,1.15,1.56,0,8
USR000465,1.37,34.1,0.94,0.384,1.2,6.8,0,7
USR000482,1.54,36.9,0.43,0.584,1.18,2.8,1,7
USR000489,1.06,24.9,0.98,0.41,1.22,5.47,2,5
USR000490,1.4,33.9,0.31,0.546,1.35,3.09,0,1
USR000493,0.48,28.2,0.93,0.507,1.33,5.54,3,6
USR000503,1.16,63.0,0.79,0.424,0.92,4.16,5,5
USR000504,1.61,45.9,0.99,0.39,1.12,3.32,0,13
USR000510,1.79,20.5,0.81,0.488,1.2,6.16,0,5
USR000517,1.86,59.8,0.41,0.5,1.42,5.45,0,7
USR000520,1.42,33.9,0.96,0.478,1.21,4.95,2,9
USR000533,0.87,27.8,0.92,0.519,1.07,4.73,2,10
USR000539,1.59,48.4,0.38,0.517,1.39,2.56,0,6
USR000546,1.32,20.4,0.91,0.448,1.37,3.88,1,5
USR000555,2.02,42.1,1.05,0.587,1.18,7.52,2,7
USR000573,1.77,44.0,0.93,0.46,1.32,3.88,0,8
USR000582,2.0,31.6,1.29,0.496,1.27,4.31,0,12
USR000591,1.67,41.3,0.63,0.506,1.27,4.21,1,7
USR000592,1.53,31.7,0.95,0.282,0.84,8.69,1,9
USR000594,1.57,50.1,0.42,0.436,1.05,4.56,0,3
USR000618,2.13,63.0,0.52,0.529,1.46,5.0,0,7
USR000619,1.03,22.3,0.75,0.402,1.25,5.61,1,10
USR000621,1.36,54.5,0.47,0.532,1.16,4.51,1,11
USR000625,1.39,48.9,0.7,0.461,0.97,7.34,2,1
USR000627,1.74,30.1,0.51,0.529,1.7,2.61,1,7
USR000632,1.48,38.9,0.66,0.491,1.16,4.28,0,11
USR000642,0.75,33.3,0.53,0.382,0.63,6.42,1,13
USR000650,1.72,45.0,0.68,0.419,1.46,5.83,1,11
USR000665,1.87,44.5,0.41,0.522,1.05,4.18,0,6
USR000667,1.44,23.2,1.13,0.475,1.14,5.84,2,11
USR000688,1.27,47.2,0.2,0.495,1.13,1.0,0,9
USR000701,1.92,54.4,0.69,0.487,1.06,4.64,0,1
USR000706,0.98,40.4,0.92,0.425,0.95,9.07,0,6
USR000712,1.21,42.7,0.77,0.539,1.46,1.0,0,14
USR000718,2.21,25.3,1.23,0.531,1.09,6.85,3,6
USR000739,1.86,21.4,1.52,0.465,0.83,5.07,3,3
USR000759,1.72,9.9,1.9,0.335,0.74,9.36,2,12
USR000760,0.36,17.3,1.56,0.322,0.75,8.65,4,18
USR000763,1.14,38.7,0.66,0.572,1.23,1.16,0,4
USR000771,1.81,30.1,1.08,0.558,1.22,3.22,0,4
USR000779,0.91,42.0,0.91,0.444,1.13,3.59,1,6
USR000785,2.23,20.5,0.96,0.363,1.26,6.38,0,7
USR000792,1.07,32.3,0.63,0.55,1.11,3.46,1,6
USR000793,1.8,32.7,0.74,0.454,1.22,5.2,0,8
USR000795,0.49,43.0,0.65,0.522,1.29,2.27,0,4
USR000803,2.09,35.7,0.42,0.61,1.35,2.1,1,9
USR000811,1.55,52.6,0.72,0.39,1.13,3.46,0,9
USR000814,1.36,53.8,0.55,0.4,1.01,7.29,0,7
USR000820,1.25,8.0,1.54,0.367,0.79,9.88,1,8
USR000824,1.24,22.7,0.82,0.409,0.94,3.88,0,13
USR000828,1.28,19.9,0.78,0.441,1.28,5.29,0,8
USR000838,1.18,19.5,1.16,0.39,0.96,7.75,2,8
USR000845,1.26,28.7,0.1,0.453,1.28,3.03,0,7
USR000848,1.11,26.4,1.26,0.56,1.2,3.23,0,8
USR000849,1.58,66.6,0.62,0.538,1.44,2.4,1,3
USR000862,0.76,13.6,1.28,0.438,0.99,6.46,3,13
USR000863,1.87,20.8,0.68,0.413,1.41,2.4,0,6
USR000865,0.59,40.9,1.03,0.542,1.27,4.57,1,9
USR000872,1.43,31.3,0.62,0.47,1.11,3.52,0,6
USR000890,0.92,22.2,0.65,0.406,0.77,7.36,1,13
USR000906,1.59,58.0,0.24,0.489,1.07,2.96,0,2
USR000909,2.1,41.2,0.68,0.549,1.3,1.16,0,10
USR000919,1.97,54.4,0.27,0.499,1.42,1.95,0,1
USR000922,1.72,4.0,0.8,0.443,0.9,6.77,0,11
USR000939,0.99,31.3,0.78,0.524,1.2,5.07,0,12
USR000944,1.18,36.5,0.88,0.445,1.56,2.57,1,4
USR000946,1.27,19.5,0.64,0.51,1.16,2.53,2,11
USR000947,1.73,41.9,1.16,0.393,1.48,5.37,2,7
USR000949,2.09,42.0,0.42,0.57,1.31,3.33,0,2
USR000964,1.5,30.6,0.83,0.457,0.86,4.47,0,9
USR000987,1.81,47.7,0.1,0.509,1.34,3.72,2,4
USR001012,1.42,13.8,0.7,0.506,1.23,4.33,1,11
USR001014,1.14,41.0,0.4,0.56,1.2,3.36,0,3
USR001026,1.97,19.5,0.87,0.467,1.16,6.1,0,3
USR001039,1.12,16.1,1.6,0.349,0.81,8.52,3,6
USR001043,2.01,33.7,0.64,0.428,1.32,5.92,1,6
USR001047,1.91,23.6,0.53,0.375,1.14,5.43,0,10
USR001049,0.78,48.5,0.5,0.378,1.26,3.9,1,14
USR001050,1.74,54.7,0.28,0.455,1.08,4.71,0,12
USR001052,1.11,44.2,0.41,0.44,0.79,7.25,0,7
USR001060,2.2,41.2,1.02,0.43,1.14,1.6,2,2
USR001061,1.45,26.0,0.61,0.394,1.01,7.41,2,4
USR001063,1.65,18.9,0.57,0.486,0.88,1.57,3,12
USR001070,1.92,33.0,0.66,0.529,1.19,2.43,0,3
USR001071,1.1,15.6,0.98,0.461,0.95,8.13,1,10
USR001079,1.6,41.3,0.42,0.556,1.38,1.0,0,1
USR001082,1.62,18.5,0.76,0.413,0.82,2.71,0,5
USR001088,1.31,38.6,0.7,0.504,1.27,3.39,3,10
USR001095,1.63,24.9,0.68,0.453,0.55,6.34,2,7
USR001100,0.88,44.5,0.71,0.432,0.78,7.65,0,8
USR001105,2.2,48.0,0.86,0.422,1.2,5.57,0,2
USR001109,1.29,10.1,1.15,0.365,1.12,5.29,0,4
USR001115,1.56,70.7,0.29,0.552,1.26,1.95,2,10
USR001123,1.42,25.2,0.93,0.518,1.66,3.54,0,7
USR001128,1.46,30.3,0.91,0.443,0.95,7.12,1,14
USR001130,1.04,26.5,0.86,0.449,1.19,2.06,0,4
USR001145,1.44,34.0,0.51,0.566,1.32,3.46,1,8
USR001148,1.3,31.5,0.88,0.393,0.79,7.29,3,7
USR001150,1.27,28.0,0.9,0.451,1.17,4.49,0,5
USR001151,2.09,37.1,0.85,0.423,1.33,4.44,2,4
USR001155,1.73,62.6,0.82,0.385,0.99,4.04,2,5
USR001164,1.7,27.0,0.33,0.519,1.36,2.44,0,3
USR001169,0.99,35.0,1.02,0.491,1.12,3.79,0,8
USR001171,1.67,45.3,0.47,0.444,1.11,2.78,0,13
USR001192,1.19,29.8,0.63,0.397,1.02,5.55,0,11
USR001193,1.8,23.9,0.69,0.438,1.48,6.65,0,10
USR001198,2.09,26.4,1.15,0.502,1.33,3.28,2,10
USR001206,1.71,32.5,0.43,0.482,1.28,3.92,0,8
USR001215,1.83,11.8,0.87,0.473,0.78,8.5,2,5
USR001218,1.33,31.7,1.04,0.346,1.02,7.96,3,0
USR001220,1.8,26.6,0.89,0.417,1.08,3.97,1,2
USR001221,1.64,18.9,1.37,0.387,0.94,6.63,0,12
USR001231,0.95,7.5,1.01,0.322,0.55,7.22,2,14
USR001239,2.17,63.0,0.35,0.55,1.67,3.24,0,2
USR001240,1.84,37.2,0.79,0.412,0.77,1.8,1,5
USR001250,1.9,33.1,0.84,0.46,1.19,5.12,0,2
USR001252,1.69,27.2,0.8,0.539,1.2,4.26,3,12
USR001261,1.46,24.8,1.01,0.431,0.91,8.43,1,16
USR001270,1.22,51.8,0.56,0.516,1.28,2.99,1,5
USR001276,1.81,37.1,0.22,0.359,0.98,3.7,0,14
USR001299,2.02,68.2,0.47,0.45,1.38,3.55,0,3
USR001307,1.68,45.5,0.74,0.401,1.03,5.38,0,12
USR001308,0.76,55.0,0.18,0.51,1.42,2.27,0,6
USR001317,1.7,28.5,0.87,0.441,1.03,4.79,1,4
USR001319,1.88,35.2,0.59,0.54,1.51,3.23,2,0
USR001325,1.77,54.5,0.47,0.483,1.14,4.9,0,3
USR001337,0.92,33.8,0.92,0.528,1.4,2.67,2,7
USR001341,1.62,35.5,0.69,0.516,1.22,6.39,1,13
USR001345,0.86,57.7,1.06,0.433,1.06,4.41,1,11
USR001374,1.0,22.3,1.04,0.414,0.79,3.84,2,10
USR001376,1.19,40.7,0.47,0.45,0.88,2.71,0,10
USR001378,1.26,27.0,0.69,0.441,1.01,2.1,0,9
USR001385,2.1,33.4,1.21,0.55,1.09,5.6,0,7
USR001394,1.72,46.4,0.97,0.478,1.02,3.23,0,8
USR001396,2.17,68.4,0.45,0.522,1.14,2.17,1,4
USR001398,0.45,37.6,1.12,0.433,1.02,5.87,2,15
USR001407,1.26,24.7,0.78,0.437,1.17,5.23,1,12
USR001427,0.96,29.7,1.02,0.394,0.61,6.86,1,13
USR001431,2.03,36.9,0.88,0.454,1.28,6.96,1,3
USR001436,0.71,20.4,1.1,0.384,0.64,7.15,0,9
USR001439,2.23,20.7,1.03,0.448,1.04,6.97,0,10
USR001442,1.25,29.0,0.74,0.418,1.17,5.4,3,8
USR001445,1.81,63.0,0.54,0.427,1.22,2.44,1,4
USR001455,2.03,41.5,0.82,0.473,1.02,3.43,0,7
USR001462,1.41,48.3,1.1,0.479,1.16,4.38,0,14
USR001465,1.32,62.6,0.39,0.518,1.36,3.45,0,0
USR001473,0.88,35.0,0.68,0.461,1.34,2.57,3,12
USR001476,1.78,19.8,0.6,0.289,1.14,3.37,1,9
USR001480,1.45,14.7,0.89,0.394,0.89,6.71,1,14
USR001495,1.64,74.7,0.41,0.447,1.38,3.72,0,0
USR001498,1.46,39.9,0.73,0.27,0.55,6.64,0,7
USR001499,1.57,40.6,0.95,0.465,1.02,2.59,0,2
USR001505,1.32,29.7,0.6,0.346,0.55,5.09,2,10
USR001515,1.6,46.6,0.72,0.41,1.14,7.57,1,8
USR001516,1.3,54.6,0.59,0.4,0.99,5.41,1,9
USR001535,1.8,32.5,0.8,0.403,1.05,1.71,0,10
USR001542,0.94,57.0,0.54,0.546,1.43,2.0,0,0
USR001543,2.11,75.1,0.1,0.507,1.45,1.17,0,7
USR001544,2.18,42.2,0.56,0.453,1.07,3.76,1,5
USR001556,1.48,50.8,0.84,0.527,1.29,5.43,0,5
USR001561,1.86,28.4,0.76,0.494,1.39,5.12,3,3
USR001572,1.53,63.8,0.6,0.53,1.25,2.61,1,12
USR001577,1.82,26.9,1.1,0.465,1.09,4.96,1,7
USR001588,1.02,18.5,0.88,0.419,1.58,5.53,1,5
USR001594,1.87,42.4,0.87,0.455,1.05,8.91,3,5
USR001595,1.16,33.8,0.8,0.499,1.25,1.98,1,9
USR001597,1.24,61.1,0.41,0.489,1.37,1.0,0,5
USR001599,1.57,12.7,1.01,0.34,0.55,7.62,3,12
USR001604,1.15,27.9,1.44,0.453,0.97,9.53,3,11
USR001617,1.44,28.4,0.99,0.382,0.67,6.17,1,18
USR001629,2.07,37.4,0.99,0.454,1.32,2.88,0,7
USR001639,1.08,25.0,0.79,0.41,1.21,5.1,0,11
USR001650,1.83,28.2,1.82,0.42,1.02,9.21,3,6
USR001654,1.26,12.1,1.18,0.404,1.14,6.21,1,9
USR001668,1.35,38.5,1.23,0.462,1.15,6.54,2,8
USR001681,1.72,30.5,1.25,0.36,1.03,6.52,3,8
USR001683,1.27,15.5,1.17,0.345,0.74,8.39,2,15
USR001699,1.82,58.6,0.99,0.564,1.03,5.82,0,5
USR001702,1.43,44.8,0.65,0.42,1.28,4.5,0,6
USR001709,1.19,30.9,1.03,0.42,1.28,4.2,1,6
USR001718,1.2,16.6,1.3,0.362,0.91,6.03,4,6
USR001727,2.43,15.9,1.19,0.343,0.75,7.43,3,10
USR001740,1.7,19.1,0.9,0.436,1.15,6.29,0,13
USR001748,1.9,27.3,0.86,0.42,1.15,3.91,3,10
USR001758,1.51,28.6,0.85,0.379,1.11,5.61,2,3
USR001763,1.63,40.5,0.93,0.431,1.04,4.17,2,6
USR001777,1.5,23.2,1.05,0.459,1.02,7.28,1,8
USR001778,1.59,28.2,1.47,0.438,0.7,9.47,3,5
USR001791,1.74,29.2,0.81,0.457,1.15,5.02,1,6
USR001797,1.31,68.4,0.49,0.511,1.3,3.22,0,12
USR001820,1.24,32.5,0.65,0.427,1.37,4.11,1,4
USR001837,1.67,38.5,1.02,0.416,1.16,5.73,1,13
USR001838,1.39,39.6,0.63,0.544,1.1,4.74,2,5
USR001843,1.27,35.5,1.38,0.342,0.71,8.1,1,8
USR001863,1.05,52.5,0.9,0.422,1.02,6.89,5,6
USR001867,1.43,23.4,1.27,0.385,0.85,9.7,2,8
USR001872,2.41,6.8,1.24,0.487,0.79,7.14,2,3
USR001895,2.04,30.3,0.92,0.415,0.88,5.53,1,2
USR001905,1.91,39.1,1.22,0.506,1.43,5.76,3,8
USR001911,0.76,34.1,0.97,0.406,0.69,9.43,1,11
USR001915,1.68,24.2,0.98,0.417,1.29,5.94,0,3
USR001922,2.3,35.9,0.95,0.361,0.91,5.19,3,5
USR001927,1.7,35.8,0.74,0.391,1.14,4.11,1,8
USR001930,1.99,25.5,0.98,0.35,1.18,3.2,1,11
USR001946,1.71,36.6,0.94,0.469,1.04,3.12,1,5
USR001951,1.67,38.4,1.1,0.405,0.91,1.95,1,2
USR001960,0.86,20.5,0.94,0.443,0.73,4.46,1,13
USR001974,1.13,33.5,0.73,0.333,0.85,4.2,1,9
USR001981,1.61,24.4,1.14,0.387,0.8,8.27,2,12
USR001987,1.61,31.9,0.11,0.563,1.5,2.65,0,0
USR001996,1.97,39.9,0.8,0.436,1.48,5.54,0,5
USR002003,1.33,47.3,0.55,0.493,1.38,5.61,0,7
USR002006,2.06,50.2,0.74,0.44,1.15,1.0,0,6
USR002007,1.86,60.0,0.34,0.398,0.88,5.54,1,5
USR002008,1.36,22.4,0.32,0.394,1.06,6.66,1,7
USR002013,1.38,50.3,0.81,0.501,1.31,1.93,0,15
USR002014,1.94,33.9,0.72,0.407,0.7,2.27,1,7
USR002015,2.23,37.7,0.95,0.457,1.26,3.32,0,11
USR002021,1.37,22.2,1.07,0.4,1.22,6.97,6,9
USR002026,1.33,56.7,0.31,0.535,1.14,3.53,0,9
USR002039,0.68,20.3,0.87,0.414,0.93,5.31,0,9
USR002047,1.62,37.6,0.37,0.566,1.28,1.0,1,5
USR002055,1.19,29.3,0.53,0.568,1.17,4.99,0,4
USR002056,1.61,37.8,0.95,0.353,1.16,2.06,0,4
USR002061,1.45,26.1,0.7,0.478,0.77,5.42,0,9
USR002062,1.66,9.9,0.71,0.392,1.25,6.23,2,4
USR002065,1.32,26.3,0.22,0.462,1.22,3.86,0,12
USR002072,2.04,14.0,1.06,0.354,0.91,7.11,2,9
USR002075,1.36,60.2,0.69,0.5,1.43,6.78,0,6
USR002076,0.95,45.5,0.31,0.545,1.47,4.95,0,6
USR002105,1.02,4.0,1.13,0.388,0.99,6.33,3,17
USR002111,1.31,51.8,0.3,0.492,1.42,4.01,0,14
USR002123,1.61,34.9,0.54,0.46,1.16,1.0,1,9
USR002126,1.81,17.1,0.33,0.353,0.92,5.57,2,7
USR002135,0.91,47.1,0.66,0.251,0.72,7.96,0,10
USR002169,1.61,26.4,0.97,0.497,1.44,5.36,2,5
USR002172,2.06,22.1,0.98,0.601,1.26,5.79,1,9
USR002183,1.45,41.4,0.72,0.425,1.02,3.35,0,16
USR002194,1.89,20.1,1.43,0.438,0.97,3.91,3,2
USR002200,1.38,17.6,1.79,0.407,0.6,8.72,3,8
USR002211,1.79,35.4,1.08,0.544,1.34,6.03,1,10
USR002215,1.78,26.0,1.35,0.466,1.16,4.85,2,6
USR002216,1.43,59.4,0.1,0.534,1.59,1.0,0,11
USR002230,1.63,19.6,0.5,0.434,1.12,1.82,0,2
USR002232,1.64,40.0,0.7,0.439,1.16,4.2,0,10
USR002258,2.44,46.6,0.55,0.606,1.48,8.09,0,2
USR002263,1.08,19.9,0.89,0.455,1.29,7.13,1,5
USR002268,2.56,30.5,0.95,0.462,1.34,6.73,1,0
USR002272,1.1,26.0,0.81,0.47,0.95,6.31,1,15
USR002281,1.69,36.3,1.12,0.379,1.06,5.6,1,9
USR002284,1.12,54.6,0.1,0.517,1.21,1.0,0,10
USR002287,1.48,27.3,1.06,0.454,0.83,6.68,0,10
USR002322,1.65,31.5,0.71,0.485,1.08,5.25,2,5
USR002323,1.07,10.0,1.83,0.423,0.83,10.55,4,15
USR002334,1.9,35.1,0.84,0.418,1.31,1.42,2,0
USR002337,1.39,8.9,0.97,0.474,1.04,5.72,1,11
USR002344,1.54,20.8,0.96,0.396,1.29,4.14,1,9
USR002362,1.31,44.1,0.53,0.507,1.14,5.52,0,8
USR002382,1.48,26.3,0.72,0.498,0.98,5.47,1,8
USR002389,1.73,21.9,0.25,0.463,1.15,6.79,4,11
USR002394,1.61,24.8,0.99,0.363,0.75,5.66,1,16
USR002397,1.88,29.5,1.18,0.448,0.85,6.24,1,14
USR002401,0.8,21.4,1.22,0.456,1.23,7.61,3,10
USR002423,1.78,39.0,1.27,0.388,0.84,5.85,3,14
USR002426,1.35,24.8,0.99,0.31,0.63,8.03,1,15
USR002446,1.8,24.2,1.28,0.468,1.12,6.98,1,5
USR002451,1.49,17.0,1.15,0.464,0.96,5.78,1,3
USR002460,1.47,28.8,0.91,0.335,0.92,7.53,1,4
USR002464,1.72,37.2,0.53,0.543,1.53,4.15,0,4
USR002469,1.67,30.3,0.97,0.525,1.28,2.9,0,8
USR002474,1.74,16.5,1.36,0.471,1.01,7.67,4,1
USR002508,1.65,40.3,0.51,0.53,1.4,1.06,0,7
USR002511,0.71,20.7,1.28,0.394,0.99,4.91,1,14
USR002515,1.19,38.0,0.97,0.464,0.87,6.04,0,7
USR002549,0.94,35.9,0.62,0.494,1.09,2.57,0,7
USR002575,1.23,52.8,0.65,0.482,1.39,2.82,0,12
USR002582,1.69,60.5,0.58,0.551,1.05,5.16,0,8
USR002599,1.43,30.3,0.72,0.358,0.71,6.91,1,4
USR002600,1.48,28.3,1.4,0.402,0.79,10.6,1,7
USR002629,1.74,19.8,0.82,0.399,1.14,5.57,4,11
USR002632,1.51,37.4,0.91,0.423,0.98,5.58,2,8
USR002637,1.49,20.7,0.84,0.513,1.08,4.55,2,6
USR002644,1.62,44.4,0.61,0.501,1.56,2.18,0,12
USR002655,0.95,25.5,0.99,0.411,0.68,4.18,1,10
USR002657,2.1,57.0,0.25,0.569,1.15,1.0,0,3
USR002660,0.87,25.4,0.87,0.459,1.01,5.7,0,8
USR002681,1.5,38.1,0.77,0.504,1.04,5.45,0,7
USR002687,1.09,38.8,0.39,0.439,0.73,1.0,0,10
USR002694,1.74,32.6,0.62,0.38,0.91,8.43,2,3
USR002696,1.42,49.1,0.88,0.466,0.85,2.03,0,8
USR002710,1.25,38.1,0.4,0.519,1.57,5.78,1,6
USR002714,1.09,27.2,0.87,0.415,1.21,4.8,2,4
USR002718,1.82,22.1,0.94,0.418,0.71,7.78,3,7
USR002728,0.97,32.1,0.71,0.451,1.21,2.57,0,10
USR002742,1.92,35.0,0.97,0.467,1.07,2.67,1,10
USR002743,1.75,50.3,0.36,0.438,1.36,5.43,0,5
USR002750,1.96,38.7,1.13,0.305,0.87,6.82,5,12
USR002757,1.75,65.1,0.48,0.481,1.35,5.22,0,11
USR002777,1.49,64.2,0.25,0.593,1.26,4.32,0,10
USR002786,1.46,33.4,0.71,0.426,1.3,3.39,0,6
USR002793,0.9,67.9,0.1,0.542,1.45,1.86,0,8
USR002801,1.55,46.6,0.34,0.512,1.43,4.34,0,8
USR002804,1.77,22.0,0.77,0.5,1.16,3.26,2,3
USR002805,1.55,45.2,0.65,0.512,1.19,3.92,2,14
USR002808,1.08,23.6,0.91,0.438,1.12,7.8,3,8
USR002809,1.18,30.6,0.66,0.402,0.96,4.48,1,2
USR002820,1.01,8.4,1.42,0.371,0.9,10.53,5,15
USR002828,1.19,31.1,0.32,0.509,1.02,3.57,0,10
USR002846,1.79,30.4,1.34,0.426,1.2,3.59,1,5
USR002855,0.67,57.7,0.56,0.419,1.02,6.84,0,8
USR002856,1.21,34.1,1.18,0.569,1.49,4.34,2,13
USR002864,1.32,7.9,0.67,0.329,0.81,9.78,0,12
USR002873,1.29,14.7,0.78,0.385,0.86,5.64,2,11
USR002897,0.86,26.0,1.25,0.437,0.81,8.0,2,10
USR002909,1.33,49.7,0.62,0.464,1.26,5.52,2,0
USR002915,2.1,36.6,1.01,0.56,1.32,4.04,3,0
USR002917,1.47,17.7,0.78,0.462,1.29,6.54,2,9
USR002919,1.28,14.9,0.95,0.384,0.81,5.93,3,5
USR002927,1.61,23.6,1.3,0.401,1.09,5.16,6,8
USR002942,1.61,31.4,0.58,0.425,1.0,5.88,0,10
USR002960,1.59,29.7,0.43,0.444,1.46,6.38,0,4
USR002969,2.26,26.3,0.72,0.367,0.7,5.14,0,8
USR002978,0.9,17.5,1.06,0.452,1.08,8.03,1,8
USR002980,1.81,38.9,0.12,0.471,1.48,3.33,0,7
USR002981,2.1,38.5,0.17,0.527,1.16,1.0,0,3
USR002989,1.6,57.2,0.74,0.47,1.31,3.42,0,4
USR003001,0.97,25.2,1.21,0.399,1.15,6.25,2,9
USR003009,2.39,49.6,0.38,0.484,1.08,4.31,2,0
USR003028,1.88,41.0,0.58,0.466,0.96,4.7,1,6
USR003039,1.81,25.9,0.96,0.464,1.19,2.92,0,5
USR003051,1.04,24.5,1.27,0.41,0.9,6.35,2,17
USR003058,2.49,36.1,0.85,0.522,1.11,4.39,1,5
USR003062,2.01,42.7,0.69,0.494,1.05,3.64,0,7
USR003063,1.28,43.3,0.56,0.372,0.87,5.93,0,11
USR003067,2.1,58.4,0.82,0.455,1.33,4.11,0,4
USR003073,1.58,38.8,0.68,0.38,1.05,4.07,1,6
USR003082,2.14,34.6,0.7,0.475,1.07,3.87,0,0
USR003085,2.07,41.5,0.72,0.411,1.2,5.23,1,6
USR003090,1.67,26.8,0.88,0.446,1.12,6.33,0,15
USR003094,1.43,22.1,0.8,0.386,0.81,5.54,3,13
USR003101,1.36,50.2,0.46,0.489,1.4,3.08,0,9
USR003110,2.25,47.4,0.65,0.495,1.58,2.85,0,3
USR003120,1.7,23.4,0.99,0.47,1.09,5.07,0,7
USR003121,1.79,38.9,0.92,0.45,1.38,5.16,4,2
USR003132,1.57,31.4,1.24,0.48,0.93,9.44,0,8
USR003153,1.3,17.7,0.5,0.4,1.13,4.93,1,14
USR003158,1.5,73.3,0.27,0.521,1.41,2.34,0,8
USR003164,1.22,80.8,0.15,0.567,1.2,2.73,0,0
USR003171,1.42,11.1,1.36,0.495,1.11,6.98,3,1
USR003175,1.3,49.2,0.55,0.585,1.55,1.84,0,9
USR003179,1.81,54.6,0.46,0.471,1.38,1.0,0,4
USR003192,1.51,14.8,0.77,0.494,1.16,5.69,2,18
USR003194,1.61,44.3,0.75,0.548,1.22,1.03,0,5
USR003203,1.97,30.0,1.49,0.363,1.02,5.94,2,6
USR003205,1.79,43.2,0.38,0.505,1.18,3.47,2,8
USR003207,1.63,22.5,0.96,0.442,0.87,7.82,1,7
USR003218,2.74,38.8,0.61,0.411,1.28,3.16,0,1
USR003221,1.6,30.4,0.63,0.51,1.39,5.3,0,4
USR003228,1.33,48.0,1.21,0.434,1.09,8.59,1,7
USR003232,1.77,40.8,0.66,0.548,1.33,4.19,1,0
USR003236,1.7,35.2,0.55,0.47,1.29,3.02,0,7
USR003238,1.18,33.9,0.81,0.466,1.04,4.81,2,11
USR003241,1.56,38.9,0.86,0.533,1.17,3.34,1,6
USR003268,0.9,21.8,0.79,0.434,1.03,5.98,1,8
USR003271,1.34,36.1,0.79,0.43,1.2,1.76,0,7
USR003289,1.62,38.6,0.43,0.516,1.03,5.22,0,11
USR003292,1.71,45.2,0.36,0.486,1.33,4.69,0,7
USR003293,0.7,41.9,0.87,0.398,1.0,3.86,1,17
USR003297,1.16,40.1,0.97,0.446,1.17,4.79,1,7
USR003302,0.87,34.5,0.93,0.468,1.25,4.81,1,9
USR003308,2.39,49.1,0.58,0.458,1.35,2.85,0,0
USR003311,1.22,54.2,0.22,0.498,1.48,1.0,0,6
USR003317,0.92,15.6,1.44,0.369,0.95,6.08,0,10
USR003319,2.24,47.0,0.62,0.414,1.49,2.66,0,7
USR003343,1.04,43.7,0.1,0.486,1.38,5.69,2,9
USR003354,1.46,19.2,1.23,0.373,1.14,5.93,0,9
USR003361,2.19,62.0,0.81,0.429,1.22,5.87,0,3
USR003368,1.64,59.8,0.35,0.615,1.3,1.99,0,7
USR003379,0.48,46.2,1.31,0.396,0.76,8.54,0,12
USR003389,1.65,30.9,0.47,0.433,1.09,2.91,2,4
USR003404,1.55,27.1,0.3,0.466,1.12,3.77,4,6
USR003407,2.02,18.9,0.95,0.401,0.95,7.95,4,6
USR003417,1.96,44.9,0.91,0.478,0.82,5.68,2,6
USR003432,1.6,21.8,0.96,0.444,1.03,4.71,2,4
USR003435,1.74,41.0,0.1,0.441,1.3,1.0,0,6
USR003450,1.42,29.7,0.51,0.484,1.24,4.31,4,16
USR003457,2.21,51.7,0.58,0.518,1.32,4.03,0,6
USR003458,1.32,22.4,1.2,0.473,0.98,4.35,1,15
USR003463,1.29,31.7,0.69,0.503,1.13,4.91,1,3
USR003469,1.21,18.3,1.2,0.386,0.92,7.31,4,10
USR003485,1.24,21.2,1.03,0.466,0.95,5.7,1,19
USR003492,1.93,38.0,1.39,0.448,0.8,4.42,2,6
USR003503,1.12,32.0,1.18,0.34,1.04,6.57,0,9
USR003515,0.96,22.8,0.73,0.437,0.81,5.59,1,8
USR003529,1.67,27.7,0.87,0.411,0.88,5.2,2,8
USR003534,0.99,22.8,0.53,0.409,0.88,3.95,1,7
USR003545,1.58,25.9,0.59,0.483,1.28,4.03,1,9
USR003547,2.11,21.7,0.8,0.457,0.96,6.29,4,4
USR003556,2.11,18.2,1.08,0.367,0.74,4.38,2,7
USR003562,1.41,23.2,0.85,0.479,1.2,3.55,1,6
USR003568,1.97,47.2,0.85,0.495,0.99,2.98,0,5
USR003574,1.84,20.8,0.96,0.384,0.83,7.4,1,3
USR003582,1.53,24.2,1.48,0.431,1.15,6.38,2,3
USR003586,1.39,51.8,1.01,0.557,1.21,1.88,0,9
USR003587,2.38,38.4,0.96,0.54,0.77,1.0,0,6
USR003596,2.42,32.1,0.78,0.56,1.4,4.44,1,1
USR003598,0.8,22.5,1.1,0.337,1.02,5.84,0,7
USR003615,1.98,37.4,0.49,0.582,1.29,3.42,0,2
USR003616,1.95,29.8,0.71,0.357,0.98,4.71,0,10
USR003618,1.1,59.2,0.79,0.437,0.91,4.65,1,10
USR003619,1.09,24.8,0.94,0.421,0.96,4.91,2,10
USR003622,1.76,37.2,0.46,0.496,1.3,3.44,1,8
USR003632,1.44,24.9,1.08,0.34,1.1,5.51,4,15
USR003645,1.36,28.0,0.11,0.465,1.0,2.55,2,6
USR003653,1.45,69.7,0.35,0.409,0.87,6.7,1,7
USR003662,2.2,49.5,0.7,0.498,1.29,5.21,1,2
USR003675,1.11,40.8,0.53,0.531,1.24,5.37,1,10
USR003676,1.89,51.2,0.46,0.498,1.19,4.36,0,13
USR003685,1.81,19.0,1.39,0.425,0.94,9.01,3,10
USR003700,1.4,41.2,0.34,0.56,1.13,2.72,1,5
USR003713,0.87,41.0,0.82,0.434,1.12,4.05,0,9
USR003715,1.12,27.4,0.87,0.505,1.23,4.5,0,7
USR003720,1.23,29.0,0.85,0.365,1.4,4.2,1,8
USR003738,1.82,24.8,1.23,0.355,0.88,5.54,1,12
USR003744,1.93,22.0,0.74,0.5,1.26,6.38,1,11
USR003750,2.55,31.0,1.26,0.471,1.43,2.49,0,12
USR003751,1.09,22.9,1.06,0.423,1.05,5.42,1,13
USR003760,1.11,56.1,0.5,0.514,0.96,5.82,2,5
USR003761,1.73,18.8,1.64,0.328,1.07,9.73,3,6
USR003762,1.93,32.9,0.88,0.416,0.92,5.27,1,10
USR003764,0.6,63.3,0.69,0.458,1.45,2.91,3,15
USR003769,1.35,50.5,0.53,0.374,0.7,6.56,0,5
USR003770,1.48,32.5,1.13,0.454,0.99,3.98,0,16
USR003787,1.78,30.0,0.56,0.533,1.19,2.89,1,8
USR003790,1.69,37.3,0.97,0.362,0.77,6.27,0,8
USR003806,1.66,23.8,1.21,0.392,1.0,5.66,0,4
USR003809,1.07,11.8,1.37,0.282,0.9,8.05,3,14
USR003811,1.7,13.7,0.72,0.539,1.13,6.18,5,3
USR003815,1.02,46.4,1.15,0.4,1.07,7.42,1,9
USR003819,1.37,59.4,0.8,0.461,1.01,3.24,2,7
USR003828,1.9,16.6,1.11,0.46,0.96,6.43,2,11
USR003829,0.76,27.9,0.88,0.434,1.02,5.36,0,4
USR003830,0.99,4.0,1.31,0.306,0.82,6.91,5,5
USR003833,1.01,29.5,0.86,0.378,0.78,7.18,0,8
USR003837,1.49,20.0,1.27,0.442,0.82,7.68,2,5
USR003858,1.44,23.8,0.78,0.399,1.08,4.59,2,6
USR003865,1.53,44.9,0.67,0.531,1.33,3.53,2,8
USR003874,1.75,62.6,0.39,0.483,1.09,7.4,0,1
USR003886,2.08,44.7,0.1,0.562,1.4,1.0,0,2
USR003888,1.71,32.1,0.38,0.475,1.21,4.93,2,13
USR003903,1.04,14.6,1.23,0.416,0.78,5.43,1,12
USR003909,1.5,16.2,1.04,0.416,0.96,3.91,1,7
USR003927,1.15,22.0,1.14,0.495,0.91,5.89,0,8
USR003935,1.65,19.3,0.6,0.473,1.11,2.7,1,1
USR003938,1.2,35.7,0.77,0.447,1.22,3.77,0,8
USR003943,1.33,44.8,0.33,0.465,1.21,2.69,0,8
USR003950,1.2,60.4,0.26,0.519,1.3,3.58,0,9
USR003968,0.86,41.1,0.51,0.516,1.41,3.87,2,10
USR003970,1.51,36.5,1.27,0.42,1.02,7.42,2,7
USR003978,1.77,21.7,1.03,0.484,1.13,6.27,0,9
USR003981,1.4,18.7,0.91,0.345,0.79,9.01,1,9
USR003983,2.09,23.0,0.8,0.294,0.55,9.45,1,10
USR003987,1.9,43.1,0.46,0.395,1.11,4.39,0,5
USR003990,0.99,23.2,1.32,0.46,1.35,7.61,2,11
USR003995,0.92,27.8,1.0,0.489,1.08,4.37,1,8
USR004016,1.47,40.9,0.65,0.497,1.23,5.87,0,4
USR004028,1.39,34.5,0.46,0.457,1.1,1.48,0,3
USR004061,1.66,37.1,1.18,0.424,0.85,5.31,3,6
USR004069,1.11,20.8,1.09,0.368,0.81,6.39,0,16
USR004090,1.79,17.5,0.65,0.39,1.18,6.09,1,6
USR004118,0.66,23.6,1.1,0.509,1.21,5.83,0,18
USR004130,1.56,34.8,0.74,0.482,1.17,4.42,1,9
USR004142,1.19,50.9,0.69,0.471,1.38,4.89,0,6
USR004150,0.85,49.5,0.47,0.461,1.06,5.47,0,15
USR004174,1.06,21.1,0.88,0.387,0.89,8.08,3,20
USR004175,1.41,21.0,0.89,0.397,1.03,5.72,0,7
USR004179,1.47,26.5,1.38,0.437,1.02,6.16,0,7
USR004182,1.94,18.9,1.07,0.468,1.0,5.62,2,3
USR004187,1.84,19.8,1.34,0.338,0.59,8.01,2,12
USR004232,0.87,22.5,0.91,0.339,0.62,3.94,1,12
USR004234,2.04,37.0,0.7,0.407,0.93,6.64,1,5
USR004247,1.09,42.3,0.72,0.508,1.11,6.01,3,5
USR004252,1.59,28.4,0.79,0.403,0.96,3.51,0,4
USR004264,2.09,33.6,0.64,0.514,1.2,1.0,2,1
USR004285,1.96,16.8,0.99,0.476,1.17,4.61,2,14
USR004294,0.65,61.0,0.99,0.443,1.07,7.07,1,10
USR004304,2.34,53.9,0.36,0.528,1.01,4.91,0,5
USR004305,1.82,44.7,0.95,0.378,1.04,6.15,2,7
USR004317,1.89,16.9,1.03,0.316,0.57,6.63,3,7
USR004321,1.61,40.6,0.94,0.405,1.18,2.02,1,5
USR004322,1.59,65.4,0.33,0.531,1.28,1.46,0,5
USR004328,0.84,29.3,0.78,0.413,1.12,5.5,2,11
USR004333,1.04,56.9,0.32,0.399,0.95,4.57,0,10
USR004350,1.46,18.5,1.13,0.466,1.1,5.6,1,4
USR004360,2.09,39.4,0.65,0.42,0.98,3.1,1,9
USR004381,2.21,50.8,0.42,0.517,1.77,2.57,0,5
USR004385,1.55,38.1,0.84,0.431,1.22,3.39,0,6
USR004388,1.63,44.3,0.66,0.372,0.93,5.45,2,10
USR004417,1.34,25.5,0.8,0.517,0.97,8.1,0,7
USR004419,1.72,52.1,0.99,0.46,1.14,4.53,2,16
USR004426,2.07,48.1,0.73,0.419,0.98,4.29,0,7
USR004440,0.43,29.8,0.88,0.482,1.01,5.84,2,12
USR004457,1.82,30.0,0.69,0.35,1.09,5.56,1,0
USR004458,2.16,38.4,0.99,0.533,0.88,6.13,1,3
USR004459,0.8,29.9,0.56,0.437,0.86,4.89,1,12
USR004473,1.69,29.2,0.9,0.364,0.82,9.18,3,10
USR004487,1.84,40.7,0.62,0.405,1.14,4.65,0,2
USR004497,0.92,39.1,0.42,0.441,1.17,4.16,0,7
USR004500,1.4,33.5,0.78,0.483,1.25,2.29,2,4
USR004502,1.19,18.1,0.98,0.408,1.07,6.53,0,15
USR004506,1.87,29.5,0.82,0.483,0.91,4.53,1,3
USR004509,1.81,19.7,0.81,0.342,0.95,3.39,1,7
USR004511,0.61,18.6,1.0,0.415,0.89,5.92,2,10
USR004513,1.73,48.3,0.52,0.526,1.73,2.44,0,5
USR004518,1.67,35.2,0.66,0.492,1.29,2.67,1,8
USR004527,1.76,24.5,0.56,0.429,1.37,1.66,0,10
USR004531,1.52,29.2,0.71,0.492,1.17,3.06,0,3
USR004540,1.95,36.5,0.87,0.46,0.85,6.09,0,5
USR004545,1.97,30.1,0.33,0.474,1.42,4.27,0,3
USR004546,2.41,15.8,1.33,0.379,1.01,7.23,2,8
USR004552,1.5,38.4,0.61,0.419,1.04,3.85,1,6
USR004571,1.78,19.5,1.19,0.342,1.02,10.27,0,11
USR004577,2.0,48.7,0.47,0.493,1.52,3.96,1,8
USR004579,0.99,39.5,0.62,0.488,1.31,4.58,3,10
USR004580,1.08,26.9,0.37,0.44,1.11,5.33,0,10
USR004584,1.94,25.0,1.17,0.46,1.02,8.27,0,6
USR004586,1.34,23.1,0.58,0.471,1.23,5.16,0,8
USR004589,1.69,37.2,0.62,0.554,1.46,3.31,0,0
USR004597,1.22,20.7,1.04,0.417,0.97,7.4,1,14
USR004614,1.28,24.8,0.95,0.502,1.32,5.42,2,5
USR004615,1.97,30.5,0.95,0.527,1.4,5.84,1,5
USR004618,1.35,13.9,1.48,0.317,0.84,7.24,4,9
USR004629,1.35,48.2,0.95,0.394,1.1,4.93,0,9
USR004633,1.02,30.9,0.1,0.426,0.86,2.46,2,6
USR004657,1.74,34.6,0.82,0.5,1.28,1.29,1,9
USR004665,1.43,52.0,0.84,0.462,1.18,1.54,1,6
USR004672,1.67,31.3,0.59,0.399,1.27,4.38,0,1
USR004674,1.52,30.6,0.67,0.399,0.93,5.29,0,13
USR004701,1.66,42.8,0.51,0.441,1.1,3.6,2,9
USR004704,0.68,45.2,0.71,0.478,1.16,4.35,2,3
USR004717,1.54,53.5,0.23,0.633,1.7,1.0,0,3
USR004731,1.47,28.2,0.96,0.507,1.3,4.54,0,4
USR004735,1.5,28.9,1.03,0.463,0.73,6.44,0,4
USR004736,1.37,56.5,0.98,0.373,1.04,4.77,1,8
USR004738,1.36,42.8,0.8,0.457,1.32,3.3,0,4
USR004742,1.54,32.0,0.38,0.514,1.53,4.38,1,4
USR004744,2.15,33.1,0.93,0.491,1.23,6.04,2,2
USR004758,0.97,33.8,0.79,0.573,1.61,3.04,1,6
USR004771,1.5,22.0,0.79,0.335,1.02,4.94,1,11
USR004782,2.1,29.4,0.68,0.418,1.08,1.76,1,5
USR004784,1.0,34.3,0.38,0.602,1.24,4.03,1,9
USR004787,2.17,46.2,0.43,0.55,1.21,1.0,0,1
USR004794,1.32,22.8,0.95,0.4,1.05,6.84,1,10
USR004820,1.45,42.4,0.83,0.505,0.97,6.7,5,12
USR004830,2.22,25.5,0.86,0.536,1.03,6.66,1,5
USR004832,1.28,49.6,0.43,0.432,0.98,2.01,0,9
USR004842,1.72,26.9,0.87,0.555,1.1,4.35,1,6
USR004870,1.93,43.7,1.11,0.447,0.99,5.13,4,8
USR004882,1.75,49.0,0.16,0.416,1.13,4.41,0,9
USR004902,1.46,44.2,0.65,0.479,1.08,5.34,1,8
USR004915,1.61,43.9,0.2,0.45,1.37,2.06,0,0
USR004916,1.59,37.9,0.82,0.407,1.09,3.75,0,10
USR004919,1.45,33.5,0.95,0.477,1.04,6.05,1,12
USR004921,1.29,17.7,1.28,0.41,0.95,8.08,3,8
USR004927,1.3,34.8,1.03,0.471,1.09,3.85,1,8
USR004936,2.17,37.9,1.01,0.467,1.44,3.25,2,2
USR004945,1.32,32.1,0.72,0.504,1.3,1.0,0,7
USR004951,1.71,26.9,1.1,0.413,0.84,5.81,1,3
USR004966,1.96,25.0,0.86,0.379,1.13,6.08,1,7
USR004967,1.54,45.3,0.42,0.503,1.39,4.43,0,4
USR004974,2.05,27.8,0.83,0.455,1.28,3.32,1,0
USR004977,2.06,26.1,1.38,0.379,0.84,7.44,2,3
USR005000,2.21,21.1,1.35,0.456,1.17,5.72,2,3
USR005003,1.72,40.9,0.64,0.546,1.48,1.77,0,6
USR005011,2.03,49.1,0.38,0.47,1.4,1.0,0,4
USR005021,1.34,21.3,1.1,0.397,1.03,7.24,1,11
USR005036,1.47,44.0,0.66,0.451,1.24,3.96,0,8
USR005042,2.68,33.7,0.76,0.345,1.02,3.96,1,1
USR005043,1.08,60.0,0.73,0.547,1.35,2.89,3,8
USR005070,1.5,18.9,0.76,0.389,0.94,4.11,0,8
USR005072,1.54,28.7,0.75,0.475,0.96,1.86,1,0
USR005083,1.79,23.9,0.43,0.435,1.26,5.47,0,6
USR005086,1.36,41.4,0.95,0.452,1.23,2.53,0,4
USR005089,1.68,19.7,0.98,0.378,0.55,6.34,3,15
USR005092,1.94,51.7,0.79,0.445,0.73,4.64,0,6
USR005110,1.72,27.7,0.3,0.431,1.28,5.79,0,2
USR005113,1.98,23.5,0.67,0.397,1.15,6.0,0,5
USR005131,0.74,20.3,1.05,0.491,1.03,5.04,2,12
USR005134,1.1,21.4,1.12,0.519,1.47,5.32,4,11
USR005144,1.85,26.4,0.81,0.514,1.25,6.18,1,4
USR005169,2.23,43.2,0.55,0.376,0.73,7.17,1,10
USR005173,1.4,30.9,0.63,0.49,1.13,5.0,1,10
USR005192,2.14,23.2,1.04,0.417,0.55,4.96,1,9
USR005195,1.69,44.4,0.6,0.471,0.93,1.87,0,5
USR005197,1.56,21.1,0.97,0.455,1.12,8.2,2,9
USR005207,1.5,23.7,0.94,0.512,1.31,6.8,1,2
USR005222,0.65,4.0,1.59,0.406,0.9,7.99,1,5
USR005235,1.19,24.5,0.65,0.484,1.05,3.96,0,7
USR005244,2.9,64.8,0.74,0.616,1.4,2.85,0,4
USR005252,1.4,16.8,0.92,0.519,1.14,3.97,1,11
USR005281,1.33,24.9,0.92,0.44,1.2,6.01,3,5
USR005302,1.78,56.0,0.32,0.504,1.41,5.47,1,0
USR005304,0.97,19.3,0.77,0.352,0.9,7.86,2,5
USR005321,1.55,44.9,0.87,0.499,1.4,3.89,0,6
USR005350,1.64,9.2,0.95,0.383,1.41,7.81,1,9
USR005362,1.85,58.9,0.74,0.578,1.23,3.1,0,10
USR005380,1.7,30.7,0.87,0.451,1.22,5.61,2,3
USR005385,1.89,27.0,0.53,0.373,1.06,5.66,0,6
USR005387,1.12,36.2,0.58,0.492,1.34,1.0,0,11
USR005395,2.56,40.5,1.04,0.428,0.84,4.36,2,11
USR005421,1.75,43.4,1.17,0.473,0.98,6.6,1,6
USR005428,1.74,38.1,0.36,0.586,1.5,1.0,0,9
USR005430,2.38,23.3,0.43,0.472,1.31,2.36,1,3
USR005443,1.32,20.6,0.72,0.343,0.66,7.56,2,11
USR005445,1.26,60.9,0.53,0.552,1.67,1.88,0,3
USR005456,0.85,19.6,0.9,0.392,1.03,9.27,0,14
USR005460,1.67,49.1,0.42,0.441,1.39,6.53,0,8
USR005489,1.57,36.1,0.48,0.449,1.07,3.29,1,12
USR005495,1.03,23.0,1.09,0.435,0.84,6.15,4,11
USR005506,1.42,48.9,0.84,0.388,0.8,6.29,0,12
USR005520,1.34,21.2,1.26,0.409,1.39,9.33,0,9
USR005529,0.47,27.1,1.26,0.479,0.91,9.16,2,9
USR005537,0.75,48.3,0.57,0.468,1.07,1.0,0,6
USR005542,1.64,53.4,1.09,0.502,1.44,4.85,0,3
USR005552,0.94,30.4,0.38,0.473,1.44,4.64,1,25
USR005558,0.82,58.2,0.47,0.457,1.28,2.02,0,4
USR005560,0.62,24.4,0.85,0.465,1.48,5.5,3,7
USR005565,1.9,55.2,0.1,0.508,1.64,1.14,0,4
USR005582,1.84,18.5,0.76,0.464,1.17,8.23,1,2
USR005602,1.83,23.8,0.68,0.387,0.86,7.89,2,10
USR005603,1.84,33.4,0.85,0.504,1.04,4.38,0,3
USR005605,2.0,27.5,1.37,0.445,1.26,7.04,2,11
USR005606,1.95,51.9,0.59,0.543,1.12,6.0,1,6
USR005613,1.5,20.2,1.18,0.468,1.12,6.3,2,8
USR005624,1.05,24.1,1.06,0.389,1.05,5.32,2,9
USR005638,1.75,68.3,0.56,0.523,1.22,1.78,0,6
USR005642,0.99,57.2,0.76,0.563,1.31,3.15,0,7
USR005643,1.59,26.2,0.67,0.346,1.29,7.1,1,8
USR005649,2.36,46.9,0.62,0.464,1.58,3.23,0,12
USR005658,1.97,53.4,0.1,0.441,1.14,2.28,0,4
USR005659,2.14,36.8,0.97,0.388,1.06,6.34,0,9
USR005660,1.14,22.5,0.55,0.371,1.08,8.85,1,7
USR005670,1.8,39.8,1.04,0.366,1.15,3.65,2,6
USR005676,1.21,30.9,0.8,0.508,0.89,5.18,1,12
USR005683,2.16,44.1,0.64,0.605,1.68,1.02,0,4
USR005686,1.26,22.2,0.76,0.4,1.48,6.49,0,10
USR005700,1.61,26.3,0.85,0.402,0.77,8.18,0,13
USR005731,1.16,34.2,1.36,0.478,1.3,4.85,1,9
USR005744,1.2,34.6,1.06,0.439,1.17,1.17,1,10
USR005754,1.53,25.3,1.0,0.372,1.22,5.21,0,14
USR005763,1.12,12.3,1.18,0.384,0.87,5.38,1,13
USR005764,2.06,50.0,0.11,0.468,1.3,4.59,0,2
USR005765,1.86,56.9,0.45,0.456,1.24,1.85,0,3
USR005767,1.76,46.1,0.66,0.493,1.52,6.82,2,9
USR005785,1.32,36.8,0.63,0.484,1.29,3.91,1,1
USR005786,1.17,27.8,0.99,0.379,1.13,3.03,0,12
USR005802,1.36,38.3,0.53,0.487,1.24,1.47,0,2
USR005810,1.63,59.5,0.48,0.412,1.19,6.87,0,5
USR005825,1.42,48.9,0.85,0.465,1.45,5.51,1,6
USR005829,1.14,12.1,1.07,0.285,1.03,8.45,2,5
USR005858,2.04,34.9,0.51,0.578,1.46,1.0,3,6
USR005885,1.48,16.7,1.54,0.289,0.69,7.18,0,10
USR005888,2.23,65.8,0.39,0.464,1.22,3.9,0,0
USR005895,1.38,55.1,0.63,0.541,1.59,3.43,0,5
USR005899,1.98,42.2,0.65,0.551,1.49,1.0,0,5
USR005904,1.52,30.4,0.75,0.385,1.02,5.28,0,4
USR005908,1.46,50.4,0.1,0.552,1.57,1.0,0,5
USR005914,1.7,15.9,1.42,0.401,1.01,8.74,1,6
USR005916,1.52,20.9,0.79,0.374,0.65,5.56,1,8
USR005924,1.52,37.9,0.98,0.367,0.93,5.35,1,8
USR005925,1.26,31.2,0.76,0.408,0.8,6.3,0,5
USR005936,1.04,36.6,0.96,0.415,1.23,6.04,1,11
USR005943,0.62,28.3,1.06,0.409,1.13,5.1,0,8
USR005956,2.21,44.7,0.53,0.421,1.14,6.24,0,8
USR005961,1.75,24.0,0.58,0.397,0.96,8.9,3,8
USR005963,1.86,36.2,0.45,0.436,1.22,2.96,0,9
USR005967,1.7,25.5,1.07,0.49,1.14,3.77,2,1
USR005975,2.11,44.1,0.43,0.54,1.4,1.0,0,6
USR005986,1.08,27.2,1.18,0.455,1.12,4.84,4,9
USR005996,1.92,68.8,0.56,0.497,1.19,4.14,0,3
USR006004,1.75,23.6,1.21,0.421,1.25,11.5,5,9
USR006012,1.77,35.0,0.74,0.371,0.88,2.68,0,11
USR006023,1.82,48.4,1.29,0.482,1.22,5.6,1,14
USR006026,1.89,42.9,0.11,0.542,1.29,4.27,1,0
USR006042,1.26,43.8,0.37,0.54,1.17,3.9,0,9
USR006045,2.24,33.5,1.02,0.415,1.19,5.55,1,12
USR006048,1.4,71.0,0.1,0.526,1.38,1.0,0,6
USR006049,1.54,33.4,0.78,0.401,1.02,7.84,2,3
USR006063,1.49,40.9,0.83,0.509,0.95,4.49,1,4
USR006082,1.9,31.9,0.53,0.488,1.47,1.27,0,7
USR006098,1.85,40.6,0.85,0.475,1.52,4.63,2,1
USR006107,1.3,32.6,0.91,0.557,0.95,1.89,0,9
USR006112,1.43,31.5,0.79,0.402,0.96,6.04,1,8
USR006117,0.71,41.7,0.26,0.518,1.42,3.11,0,12
USR006121,2.09,49.8,0.33,0.432,1.14,4.44,0,2
USR006124,1.28,57.5,0.73,0.395,0.99,6.22,1,6
USR006125,2.47,33.0,0.9,0.464,1.04,4.85,3,2
USR006143,0.49,46.9,0.26,0.533,1.33,5.42,0,10
USR006150,1.84,28.6,0.99,0.437,1.26,2.66,3,6
USR006155,0.95,28.4,0.67,0.443,1.08,6.0,0,10
USR006177,2.05,39.5,0.87,0.393,1.02,3.22,0,11
USR006182,1.98,41.2,0.66,0.489,0.92,6.29,0,8
USR006189,1.63,30.6,0.82,0.427,1.09,6.33,2,8
USR006202,1.06,55.7,0.6,0.466,1.29,5.74,0,11
USR006214,2.16,63.4,0.25,0.517,1.24,2.92,0,5
USR006215,2.11,24.3,0.62,0.304,0.89,4.16,3,7
USR006231,1.48,54.8,0.47,0.446,1.5,3.76,0,11
USR006261,1.11,17.4,1.08,0.283,0.71,6.1,5,10
USR006262,1.13,28.5,0.94,0.462,1.32,5.87,1,11
USR006263,1.71,29.1,1.0,0.441,0.93,5.77,6,11
USR006281,1.71,27.5,0.54,0.497,1.11,4.81,0,4
USR006284,1.29,4.0,1.27,0.404,1.29,8.89,4,9
USR006286,1.52,31.0,0.52,0.483,1.51,3.89,0,1
USR006288,1.72,38.4,0.42,0.483,1.3,5.88,1,1
USR006304,1.7,25.9,1.14,0.366,0.75,7.61,1,12
USR006309,1.13,20.0,1.78,0.386,0.91,7.42,2,15
USR006311,1.85,30.9,1.03,0.52,0.88,8.5,1,8
USR006332,2.24,38.4,0.41,0.455,1.08,4.6,0,5
USR006334,1.29,29.6,1.06,0.485,0.94,3.23,2,7
USR006346,1.28,37.5,0.9,0.381,0.88,5.8,1,12
USR006352,1.63,26.4,0.75,0.343,0.72,6.28,0,8
USR006373,1.41,39.7,0.65,0.523,1.8,1.45,1,7
USR006392,1.28,56.9,0.46,0.528,1.48,2.83,2,6
USR006395,0.96,28.8,0.84,0.408,1.07,5.58,0,9
USR006396,1.84,43.2,0.71,0.383,1.03,2.19,0,7
USR006400,1.42,28.3,1.19,0.392,1.09,2.52,0,10
USR006403,1.34,30.0,1.14,0.421,1.02,6.92,1,8
USR006412,1.87,29.9,0.74,0.446,1.0,2.53,0,5
USR006413,1.54,37.0,0.76,0.417,1.42,2.26,0,6
USR006419,1.62,26.2,0.63,0.549,1.11,3.53,1,2
USR006425,1.66,50.9,0.53,0.372,1.19,3.55,0,11
USR006447,1.38,39.5,0.65,0.56,1.3,3.14,0,7
USR006451,0.96,29.3,0.84,0.431,1.03,6.33,0,11
USR006458,2.36,33.8,0.13,0.454,1.5,1.52,0,6
USR006459,2.17,32.9,0.28,0.537,1.5,1.56,0,9
USR006467,2.36,65.3,0.94,0.468,1.54,2.62,0,2
USR006469,1.33,63.9,0.38,0.487,1.14,1.0,0,5
USR006470,1.21,78.7,0.1,0.528,1.31,4.66,0,12
USR006472,1.43,41.9,0.9,0.528,0.97,3.14,1,10
USR006477,1.52,33.8,0.5,0.397,1.3,6.62,2,9
USR006483,1.41,17.6,0.94,0.419,0.88,5.34,1,9
USR006486,1.3,27.9,0.94,0.464,1.48,5.61,0,5
USR006494,0.54,28.7,0.58,0.341,0.82,6.45,0,8
USR006500,2.25,31.4,0.49,0.392,0.77,8.11,1,9
USR006502,2.34,60.1,0.48,0.5,1.17,2.79,0,0
USR006507,1.6,27.4,1.36,0.482,0.94,6.86,1,7
USR006510,2.14,34.3,0.69,0.471,1.19,3.08,0,3
USR006522,1.59,30.8,0.91,0.453,1.09,2.39,2,7
USR006525,1.4,20.9,0.98,0.322,1.15,8.14,0,7
USR006530,1.73,38.1,0.77,0.427,1.2,4.23,0,3
USR006538,0.94,58.0,0.73,0.462,0.94,4.27,0,11
USR006547,1.15,40.4,0.45,0.503,1.27,3.73,1,8
USR006548,1.6,26.8,1.06,0.455,0.87,6.34,1,4
USR006555,1.71,38.0,0.86,0.548,1.24,3.16,0,8
USR006558,1.13,34.1,1.27,0.561,1.43,6.55,1,7
USR006564,1.24,27.8,1.13,0.542,1.26,6.34,2,9
USR006568,1.74,41.9,0.57,0.429,1.14,7.54,1,3
USR006586,2.17,12.4,1.05,0.486,0.92,6.04,3,4
USR006592,1.23,59.7,0.69,0.455,0.9,7.19,0,4
USR006593,1.31,50.6,0.99,0.331,1.08,6.05,3,12
USR006613,1.79,30.5,1.11,0.414,1.05,5.31,1,9
USR006617,1.07,49.0,0.59,0.487,0.93,2.57,1,6
USR006619,1.14,61.5,0.35,0.536,1.29,1.56,0,12
USR006623,1.56,19.8,0.86,0.535,1.39,4.15,4,4
USR006638,1.75,42.2,0.61,0.528,1.37,4.89,1,2
USR006656,0.82,30.3,1.26,0.417,0.97,6.6,0,14
USR006664,1.56,29.2,1.34,0.509,1.08,4.32,1,7
USR006666,1.76,37.8,1.13,0.397,1.29,4.43,1,4
USR006672,0.71,28.0,0.55,0.423,1.0,3.99,0,12
USR006673,1.43,32.8,0.75,0.449,1.22,7.31,0,3
USR006685,1.08,29.9,1.15,0.395,1.13,7.14,2,7
USR006690,1.85,19.9,0.97,0.378,0.65,5.27,1,11
USR006697,2.06,27.8,0.46,0.41,0.9,7.69,0,3
USR006700,2.48,26.1,1.29,0.428,1.24,5.49,1,5
USR006705,0.55,19.9,1.13,0.272,0.64,4.46,2,8
USR006718,1.78,50.4,0.67,0.424,1.2,1.5,0,0
USR006722,1.08,67.6,0.17,0.482,0.95,4.56,0,2
USR006733,0.86,24.6,1.3,0.407,0.86,6.31,2,11
USR006738,0.93,27.5,0.99,0.353,0.71,6.35,0,15
USR006752,1.39,40.1,0.91,0.42,1.12,5.86,3,7
USR006764,1.94,63.2,0.36,0.548,1.5,3.27,0,6
USR006767,0.82,24.5,1.15,0.436,0.96,2.72,3,6
USR006769,1.21,44.1,0.53,0.481,1.29,2.28,0,7
USR006771,0.74,30.4,0.64,0.391,0.79,3.94,0,17
USR006773,0.81,20.9,1.04,0.557,1.18,2.29,1,7
USR006794,1.81,45.7,0.36,0.542,1.55,2.76,0,6
USR006803,0.91,27.3,0.61,0.553,1.58,1.79,0,12
USR006819,1.11,14.4,0.76,0.476,1.03,5.45,0,5
USR006825,1.72,59.5,0.43,0.428,1.3,5.09,2,10
USR006838,2.13,36.3,0.81,0.461,1.28,2.98,0,3
USR006839,1.34,51.8,1.16,0.464,0.8,5.85,1,1
USR006862,1.19,43.4,0.4,0.464,1.24,2.4,1,0
USR006874,0.9,12.6,1.27,0.296,0.72,8.81,2,16
USR006883,1.4,30.9,0.46,0.369,0.81,6.95,0,10
USR006892,1.44,30.8,1.14,0.422,1.01,5.69,0,9
USR006900,1.05,28.8,1.28,0.412,0.75,7.03,2,11
USR006914,1.3,25.0,0.75,0.485,1.11,3.94,2,5
USR006922,2.13,29.3,0.67,0.52,1.4,2.27,1,3
USR006931,1.88,46.4,0.58,0.544,1.24,4.45,0,2
USR006940,0.72,23.4,1.05,0.472,1.16,6.39,3,10
USR006941,1.53,66.5,0.63,0.546,1.09,3.29,0,4
USR006942,1.78,31.3,1.03,0.394,1.16,6.15,0,4
USR006943,1.48,26.8,0.76,0.385,0.93,4.09,0,14
USR006945,1.42,31.0,1.21,0.34,1.01,4.7,2,10
USR006950,1.41,35.6,0.45,0.46,1.28,3.26,0,10
USR006966,2.4,30.8,1.32,0.482,1.28,5.93,2,0
USR006967,1.91,44.8,0.84,0.521,1.39,5.29,3,1
USR006986,0.97,30.8,0.55,0.494,1.49,3.99,0,7
USR006995,1.5,32.7,0.5,0.392,1.2,3.19,1,13
USR006998,2.05,44.5,0.67,0.402,1.01,5.81,0,4
USR007006,1.18,38.0,1.15,0.454,1.22,4.92,0,9
USR007012,1.16,38.7,0.97,0.372,0.88,5.61,0,14
USR007014,1.41,28.6,0.81,0.335,0.95,7.56,1,7
USR007017,1.37,10.4,1.15,0.416,0.92,10.38,0,11
USR007023,1.01,58.0,0.51,0.47,1.22,2.71,0,10
USR007030,1.34,40.5,0.69,0.442,1.56,5.14,0,5
USR007034,2.42,33.6,1.05,0.332,0.91,5.07,2,2
USR007051,1.99,52.2,0.53,0.467,1.39,5.57,1,5
USR007052,1.14,25.1,0.79,0.402,1.13,7.54,3,9
USR007059,1.34,35.9,0.51,0.414,0.96,2.6,2,4
USR007066,2.02,33.7,0.91,0.463,1.17,5.99,0,10
USR007070,1.48,60.0,0.9,0.425,0.95,2.63,0,4
USR007071,1.66,29.7,0.79,0.365,0.95,5.77,2,6
USR007080,1.29,24.8,0.76,0.465,1.21,3.88,0,12
USR007083,1.27,43.1,0.27,0.525,1.22,1.8,0,4
USR007096,1.04,23.6,0.51,0.378,1.14,2.9,0,9
USR007103,1.63,51.4,0.82,0.44,1.21,5.45,2,8
USR007104,1.56,18.8,1.59,0.347,1.19,7.54,1,2
USR007108,2.01,34.2,0.65,0.471,1.25,2.76,0,9
USR007134,1.56,42.5,0.89,0.457,1.29,1.0,2,3
USR007140,1.38,25.9,0.59,0.503,1.0,6.76,2,0
USR007152,1.42,32.4,1.1,0.482,1.06,2.2,5,9
USR007157,1.94,36.7,0.73,0.466,1.36,4.74,2,5
USR007159,1.69,29.1,0.74,0.365,0.99,7.15,1,10
USR007167,1.47,56.6,0.62,0.516,1.6,3.41,3,8
USR007176,1.25,28.5,0.48,0.422,1.13,6.06,0,10
USR007177,1.83,47.9,0.48,0.457,1.46,1.48,0,11
USR007183,2.03,32.5,1.01,0.413,1.21,5.39,0,3
USR007193,1.74,20.5,1.45,0.361,0.69,7.83,1,9
USR007246,2.35,32.6,1.2,0.459,1.27,3.89,2,8
USR007262,1.36,52.8,0.74,0.502,1.23,6.11,4,2
USR007265,1.92,27.1,1.33,0.487,0.96,4.61,0,17
USR007284,1.35,49.8,0.7,0.445,1.07,2.91,2,7
USR007287,1.24,22.2,0.73,0.313,0.97,3.96,3,4
USR007290,1.51,31.5,0.72,0.438,1.31,5.87,0,8
USR007297,1.01,36.7,0.61,0.448,0.97,4.43,1,9
USR007315,2.11,19.2,1.42,0.43,1.09,5.76,3,5
USR007329,1.51,56.3,0.72,0.417,1.23,4.62,0,11
USR007356,2.26,40.7,0.59,0.521,1.05,1.22,0,6
USR007364,1.37,66.1,0.7,0.521,1.22,1.0,0,13
USR007381,0.67,41.2,1.06,0.438,0.89,6.27,1,12
USR007396,1.4,53.5,0.26,0.382,0.96,6.93,1,8
USR007399,2.05,40.1,0.57,0.535,1.44,3.18,0,3
USR007400,2.13,22.3,1.06,0.436,1.03,5.2,2,9
USR007426,1.53,21.5,1.17,0.447,0.79,5.54,2,9
USR007427,1.74,13.9,1.06,0.381,1.08,4.47,1,5
USR007438,1.29,28.0,0.79,0.391,1.47,4.32,1,11
USR007439,0.83,49.6,0.78,0.518,1.25,2.4,1,12
USR007446,1.81,40.1,0.4,0.501,1.19,1.07,0,13
USR007450,1.69,62.6,0.53,0.549,1.24,1.54,0,11
USR007463,1.31,23.3,1.1,0.542,1.32,5.46,0,6
USR007472,1.02,14.8,1.31,0.446,0.92,4.79,3,8
USR007476,1.99,52.6,0.32,0.525,1.61,2.33,0,5
USR007488,1.93,37.8,0.83,0.472,1.33,3.24,2,2
USR007491,1.53,21.4,0.95,0.507,1.59,6.48,2,8
USR007497,1.87,54.2,0.91,0.477,0.75,3.48,1,9
USR007501,1.41,22.1,0.55,0.397,0.79,4.87,1,6
USR007503,1.73,11.4,1.46,0.372,0.9,7.21,1,7
USR007506,1.98,21.6,0.64,0.483,1.26,5.69,1,11
USR007536,1.55,32.1,0.81,0.481,1.3,3.34,0,6
USR007539,0.86,17.6,0.73,0.365,0.84,6.4,2,8
USR007544,1.2,38.5,0.59,0.515,1.17,2.92,0,14
USR007545,1.02,29.1,0.87,0.32,0.91,7.36,2,14
USR007546,1.45,33.3,1.03,0.388,1.15,6.79,4,12
USR007559,1.74,39.4,0.81,0.428,1.08,6.8,0,2
USR007563,1.35,54.0,0.58,0.458,1.0,7.17,1,7
USR007578,0.95,49.0,0.52,0.473,1.12,6.08,1,8
USR007581,1.71,28.9,0.9,0.53,1.23,3.52,0,2
USR007595,2.7,21.7,1.1,0.477,1.39,5.95,3,0
USR007617,0.9,34.3,0.94,0.353,0.93,5.57,0,13
USR007650,0.97,41.4,1.2,0.41,1.09,5.09,3,12
USR007655,1.44,41.6,0.64,0.56,1.3,2.08,0,10
USR007657,1.43,31.8,1.05,0.328,1.01,8.98,0,6
USR007658,1.89,24.6,0.84,0.449,1.0,3.47,0,5
USR007677,1.57,68.5,0.64,0.388,0.97,6.27,3,8
USR007689,1.59,22.5,0.49,0.384,1.34,6.32,3,6
USR007692,1.36,39.4,0.88,0.438,1.26,1.59,0,3
USR007709,1.68,38.4,0.44,0.526,1.47,2.14,0,2
USR007739,1.44,33.6,1.08,0.475,1.12,6.57,4,7
USR007747,2.04,61.3,0.25,0.539,1.47,5.95,0,8
USR007755,1.3,30.5,0.75,0.399,0.96,4.9,1,9
USR007770,1.65,60.3,0.33,0.468,1.22,4.04,1,10
USR007814,1.58,51.5,1.02,0.475,1.08,3.6,0,9
USR007822,2.19,27.9,0.79,0.472,1.46,3.98,3,13
USR007830,1.9,72.0,0.63,0.505,1.05,2.16,0,3
USR007841,1.19,4.0,1.42,0.305,0.74,9.34,3,9
USR007884,1.92,41.8,0.71,0.547,1.4,2.38,0,8
USR007887,1.07,39.8,0.91,0.439,1.07,4.05,1,11
USR007889,0.68,47.4,0.48,0.547,1.42,5.42,0,9
USR007895,1.56,16.6,1.15,0.354,1.02,7.86,4,10
USR007906,1.19,20.8,1.12,0.435,0.82,4.55,1,11
USR007916,1.94,33.3,0.8,0.499,1.47,4.95,1,0
USR007929,1.55,57.4,0.49,0.46,1.44,4.92,0,2
USR007934,0.97,18.6,1.06,0.325,0.55,5.54,1,16
USR007935,1.86,38.1,0.79,0.503,1.16,3.77,1,4
USR007940,1.36,50.4,0.66,0.524,1.4,3.46,0,6
USR007959,1.39,35.7,0.47,0.424,0.9,3.85,0,15
USR007961,2.13,42.6,0.13,0.454,1.21,1.48,0,7
USR007964,1.77,49.0,0.22,0.518,1.38,1.23,0,9
USR007970,1.19,10.6,0.86,0.408,0.82,4.97,1,14
USR007971,1.69,55.7,0.41,0.522,1.45,3.81,0,7
USR007978,1.28,35.5,1.08,0.529,1.18,5.61,0,5
USR007980,1.67,15.7,1.16,0.434,1.15,6.64,1,9
USR007995,1.98,55.2,0.53,0.442,1.07,2.77,0,8
USR008028,1.3,50.4,0.59,0.468,1.28,6.24,0,2
USR008030,1.6,51.8,0.48,0.474,1.09,2.8,0,9
USR008034,1.3,15.9,0.81,0.396,1.41,5.41,1,0
USR008039,1.37,17.6,1.43,0.369,1.24,6.44,3,5
USR008040,2.06,22.2,0.93,0.463,1.47,4.7,1,6
USR008051,1.95,59.8,0.39,0.486,1.26,5.35,2,3
USR008076,0.88,29.0,0.83,0.515,1.45,2.84,0,8
USR008083,1.8,29.2,0.69,0.484,1.26,5.25,0,5
USR008084,0.63,28.8,0.61,0.417,0.97,7.49,0,10
USR008087,1.43,17.2,1.16,0.417,0.84,8.83,1,5
USR008100,1.48,35.3,0.32,0.513,1.18,4.81,0,5
USR008105,1.28,29.4,0.61,0.44,1.13,6.45,2,18
USR008109,1.72,31.8,0.7,0.408,1.18,6.15,1,4
USR008111,1.64,31.3,0.94,0.478,0.86,6.1,0,10
USR008113,1.56,29.3,0.66,0.352,1.08,6.17,0,4
USR008119,2.08,21.0,1.38,0.5,0.98,5.11,1,10
USR008125,2.05,21.1,0.72,0.501,0.98,3.1,0,0
USR008137,1.39,15.3,1.23,0.466,1.27,7.16,0,14
USR008141,1.04,37.4,0.84,0.538,1.03,3.0,0,6
USR008147,2.26,19.7,0.76,0.34,0.89,5.11,3,2
USR008148,2.09,19.3,0.93,0.28,0.82,6.69,1,8
USR008176,1.37,21.2,1.21,0.402,1.13,6.7,0,15
USR008184,1.43,25.5,1.29,0.341,0.74,6.88,4,2
USR008199,1.25,47.4,0.32,0.519,1.87,1.0,0,6
USR008206,1.54,53.8,0.45,0.548,1.14,2.01,0,4
USR008210,1.21,22.4,0.48,0.434,1.19,5.84,0,11
USR008213,1.44,18.6,1.02,0.382,1.05,7.75,0,8
USR008218,1.21,45.3,0.65,0.509,1.19,2.03,0,12
USR008226,0.69,35.1,0.65,0.48,1.06,3.43,0,4
USR008228,1.91,39.6,0.32,0.554,1.2,1.77,1,9
USR008230,1.66,26.9,0.45,0.524,1.25,5.57,0,6
USR008239,1.28,20.8,0.53,0.415,1.12,4.49,2,8
USR008241,1.67,16.3,1.12,0.475,1.4,5.29,2,7
USR008254,0.55,30.3,0.42,0.465,1.47,1.0,0,20
USR008263,1.76,38.8,0.36,0.48,1.19,1.47,0,9
USR008270,1.41,11.9,0.75,0.456,1.17,4.3,0,3
USR008273,1.89,15.1,0.79,0.281,0.63,8.63,2,12
USR008280,1.17,33.8,0.83,0.4,1.29,3.51,0,5
USR008288,1.51,54.4,0.51,0.508,1.02,4.11,2,7
USR008299,1.42,43.0,0.76,0.477,1.11,5.01,2,8
USR008335,0.57,22.9,1.03,0.4,1.26,5.28,0,21
USR008338,2.05,20.8,0.91,0.554,0.99,2.07,0,4
USR008349,0.98,15.4,1.1,0.47,0.88,7.6,3,13
USR008359,1.69,25.8,0.68,0.432,1.18,7.2,2,7
USR008362,1.48,35.6,0.81,0.448,0.94,7.39,1,3
USR008366,1.7,35.2,1.01,0.501,1.23,5.5,5,8
USR008371,1.52,19.1,0.88,0.374,0.82,6.56,1,8
USR008372,2.05,59.0,0.59,0.519,1.59,1.0,0,2
USR008375,1.61,19.6,1.03,0.395,1.27,7.17,1,7
USR008397,1.66,40.7,0.6,0.42,1.27,3.52,0,4
USR008398,1.06,27.1,1.11,0.522,1.27,5.64,1,7
USR008400,1.44,46.5,0.7,0.383,0.93,3.18,2,10
USR008409,1.55,30.8,0.6,0.474,1.43,6.88,2,8
USR008411,1.66,68.8,0.34,0.44,1.38,1.72,0,0
USR008417,1.53,36.5,0.61,0.507,1.21,3.57,0,13
USR008440,1.83,67.1,0.49,0.491,0.97,2.46,0,2
USR008445,0.87,73.0,0.33,0.447,1.4,3.7,0,7
USR008462,1.69,41.3,1.02,0.368,1.04,6.61,0,10
USR008470,1.75,9.6,0.79,0.448,0.92,6.7,1,8
USR008478,1.9,61.8,0.7,0.477,1.24,3.26,0,2
USR008491,1.71,37.9,0.78,0.504,1.23,3.36,0,5
USR008506,1.32,33.2,0.8,0.551,1.39,6.36,0,11
USR008507,1.97,35.9,1.31,0.463,1.33,5.57,1,8
USR008508,1.08,42.6,0.79,0.436,1.03,3.24,0,18
USR008524,1.56,75.3,0.53,0.578,1.73,1.0,0,9
USR008525,2.24,50.6,0.8,0.504,1.44,4.28,1,3
USR008554,1.46,47.9,0.1,0.42,1.32,2.55,0,10
USR008560,1.08,45.0,0.47,0.47,0.7,2.75,0,13
USR008574,2.13,46.1,0.43,0.404,0.92,3.2,0,3
USR008604,1.05,30.1,1.2,0.469,1.09,6.98,2,11
USR008617,1.55,57.3,0.72,0.538,1.2,2.08,0,5
USR008618,1.29,44.8,0.67,0.581,1.22,2.54,0,6
USR008624,1.67,49.3,0.34,0.377,0.93,4.03,1,6
USR008632,1.35,41.9,0.69,0.454,1.41,3.07,3,6
USR008642,1.73,30.7,0.68,0.339,1.2,3.78,1,10
USR008650,1.56,13.0,1.16,0.323,0.9,8.09,4,14
USR008655,1.39,64.6,0.41,0.517,1.34,2.94,0,6
USR008662,1.26,46.2,1.37,0.423,0.81,6.2,1,12
USR008663,1.65,32.0,1.22,0.448,1.17,4.2,3,5
USR008664,2.02,35.4,0.1,0.452,0.98,2.42,0,12
USR008697,1.79,47.8,0.57,0.418,1.17,4.6,1,7
USR008707,1.6,34.4,0.87,0.458,1.05,6.03,1,8
USR008709,1.94,41.8,0.92,0.34,0.68,5.4,1,11
USR008711,2.37,21.1,1.1,0.432,1.08,7.19,1,6
USR008718,0.58,28.1,0.85,0.267,0.75,7.37,3,9
USR008734,1.22,44.8,0.77,0.433,1.01,4.93,1,9
USR008744,0.89,22.9,0.76,0.566,1.14,2.68,1,13
USR008756,0.73,38.0,1.08,0.554,1.12,5.02,1,7
USR008759,0.97,24.2,1.3,0.383,1.1,8.82,1,12
USR008760,1.26,30.7,0.8,0.478,0.85,5.54,1,6
USR008770,0.86,34.7,0.51,0.479,1.32,2.51,2,9
USR008772,1.38,31.5,0.7,0.534,1.27,5.02,1,9
USR008789,1.63,25.4,0.95,0.38,0.55,6.04,0,8
USR008794,1.49,49.0,0.1,0.516,1.13,3.57,0,5
USR008803,1.9,27.1,1.14,0.362,0.87,7.09,5,10
USR008838,1.73,19.9,0.74,0.479,1.26,3.51,1,8
USR008844,1.51,18.5,0.88,0.408,1.01,6.86,2,5
USR008857,1.68,33.9,0.93,0.553,1.39,2.15,0,5
USR008868,1.78,9.2,1.51,0.384,0.66,8.78,3,12
USR008878,1.26,51.4,0.36,0.496,1.0,2.56,0,3
USR008885,0.45,28.1,0.65,0.427,0.99,5.59,4,10
USR008890,1.45,55.6,0.8,0.368,0.7,6.87,2,7
USR008894,1.19,21.5,0.81,0.384,1.39,4.96,0,6
USR008897,0.87,21.6,1.04,0.504,1.12,3.94,2,14
USR008899,1.57,52.2,0.15,0.536,0.84,4.31,1,9
USR008901,1.98,37.9,0.71,0.383,1.29,4.51,1,4
USR008903,1.21,24.8,0.76,0.412,1.37,4.52,2,8
USR008904,0.93,38.9,0.64,0.42,1.14,6.53,0,13
USR008912,1.25,43.4,0.71,0.494,1.53,1.0,0,10
USR008920,1.07,56.0,0.42,0.532,1.19,2.8,0,7
USR008961,1.45,58.3,1.04,0.467,1.43,1.09,2,2
USR008963,1.02,31.7,1.08,0.438,0.85,6.46,3,9
USR008975,2.02,40.8,0.45,0.541,1.68,2.99,0,0
USR008984,1.97,44.9,0.96,0.397,1.19,3.49,3,5
USR008993,1.14,45.0,0.75,0.412,1.27,2.03,1,11
USR008997,0.82,23.3,1.23,0.351,0.7,6.13,4,8
USR009000,1.93,14.8,0.81,0.311,0.98,6.13,1,10
USR009005,1.12,7.8,1.41,0.35,1.05,8.26,3,16
USR009026,1.84,21.3,1.32,0.436,0.89,6.86,3,5
USR009043,1.08,10.9,1.09,0.317,1.09,6.1,1,17
USR009048,1.33,46.6,0.47,0.41,0.94,4.88,1,17
USR009060,2.53,27.5,0.79,0.447,1.05,4.72,1,4
USR009063,1.65,28.4,0.74,0.429,1.04,4.17,0,10
USR009071,1.49,20.6,1.16,0.367,0.83,8.86,1,10
USR009077,1.79,24.5,1.36,0.332,0.86,6.23,7,6
USR009083,1.76,36.2,0.1,0.539,1.19,1.12,0,6
USR009088,1.34,40.0,0.61,0.334,1.19,5.24,0,1
USR009089,1.63,23.0,0.71,0.493,1.1,4.78,1,9
USR009092,1.43,21.5,1.07,0.397,0.83,6.02,3,12
USR009096,1.21,22.4,1.56,0.339,0.82,9.66,1,10
USR009098,0.91,22.1,1.03,0.461,1.08,5.86,0,15
USR009099,2.0,23.5,1.03,0.3,0.78,5.36,1,6
USR009103,0.4,58.3,0.73,0.454,0.98,6.39,1,9
USR009107,1.0,50.0,0.88,0.519,1.12,6.2,0,7
USR009108,1.22,21.8,0.82,0.468,1.0,9.05,1,14
USR009114,1.34,29.4,1.24,0.364,0.7,6.95,2,13
USR009120,1.34,20.6,0.51,0.397,0.98,4.3,0,12
USR009121,1.33,28.3,1.04,0.47,1.15,4.32,0,4
USR009124,1.76,26.0,0.83,0.4,0.83,7.18,1,9
USR009137,1.51,36.1,0.75,0.397,1.28,5.67,0,14
USR009138,0.46,21.9,1.02,0.385,0.94,4.0,2,12
USR009148,1.47,22.2,0.4,0.358,1.12,2.92,0,2
USR009151,1.29,31.6,1.25,0.385,0.98,8.99,0,8
USR009152,1.8,63.7,0.24,0.555,1.35,6.23,0,0
USR009163,1.41,54.7,0.39,0.445,0.82,4.59,0,3
USR009170,1.26,14.5,0.7,0.337,0.83,8.63,1,12
USR009179,1.37,33.0,0.8,0.462,1.23,4.1,1,8
USR009189,1.21,32.3,0.79,0.467,1.33,3.98,1,6
USR009196,0.77,32.3,0.73,0.345,1.03,3.6,0,12
USR009202,1.85,27.0,1.06,0.361,0.9,6.35,1,4
USR009206,1.88,37.0,1.02,0.41,1.01,5.39,0,3
USR009214,1.69,24.2,0.9,0.446,1.26,6.14,1,12
USR009216,1.21,24.2,0.79,0.406,1.1,4.38,2,17
USR009224,0.84,13.3,1.26,0.387,1.15,9.66,4,12
USR009229,2.04,62.1,0.6,0.557,1.45,6.04,2,1
USR009237,1.44,58.2,0.54,0.391,1.24,3.5,0,8
USR009246,1.57,55.7,0.57,0.398,1.02,5.42,0,5
USR009249,1.57,11.9,1.01,0.363,1.02,8.79,1,13
USR009253,0.8,32.3,0.94,0.434,1.11,6.73,2,7
USR009268,1.77,18.5,1.38,0.425,0.86,5.61,0,7
USR009282,1.2,57.5,0.63,0.452,1.05,5.35,1,7
USR009283,1.67,12.9,0.82,0.479,1.32,1.02,1,3
USR009291,1.17,70.6,0.26,0.537,1.31,1.65,0,6
USR009301,1.93,16.4,1.1,0.452,0.81,6.68,1,12
USR009312,1.25,18.7,1.32,0.435,1.27,3.81,1,7
USR009314,2.08,56.9,0.42,0.456,1.16,4.89,1,2
USR009316,1.65,34.0,0.63,0.48,1.31,2.17,0,3
USR009320,1.34,22.0,1.43,0.386,0.78,7.56,1,6
USR009331,2.1,67.6,0.15,0.578,1.79,1.0,0,7
USR009334,1.52,27.3,1.26,0.354,1.03,8.08,1,5
USR009337,1.92,29.1,0.53,0.408,1.21,4.9,0,5
USR009340,0.97,42.6,0.71,0.463,1.18,4.37,2,15
USR009343,1.71,31.6,0.84,0.496,1.03,4.74,1,0
USR009352,1.55,34.8,1.05,0.257,1.02,8.05,1,6
USR009355,1.36,25.7,0.57,0.475,0.84,2.83,0,5
USR009362,1.31,21.4,1.18,0.39,0.73,9.14,2,8
USR009398,0.94,54.6,0.72,0.537,1.34,5.58,1,0
USR009405,1.7,53.2,0.27,0.499,1.15,2.56,0,7
USR009416,1.91,42.3,1.26,0.477,0.72,6.5,1,9
USR009417,0.69,31.0,1.32,0.412,0.84,4.99,0,8
USR009418,1.2,29.4,0.89,0.407,1.36,4.47,1,7
USR009425,0.86,26.8,1.02,0.26,0.55,9.37,2,11
USR009426,1.74,36.3,0.77,0.328,0.9,6.46,0,14
USR009442,1.05,20.7,1.39,0.41,1.12,5.52,1,13
USR009444,1.32,55.1,0.2,0.489,0.92,1.0,0,9
USR009446,1.13,51.0,0.68,0.414,0.93,4.51,1,6
USR009458,1.97,44.8,0.39,0.434,1.25,5.29,0,5
USR009461,1.35,23.0,0.54,0.431,1.32,4.98,2,6
USR009463,0.85,33.1,1.16,0.306,1.0,6.04,0,7
USR009480,1.6,48.9,0.24,0.482,0.98,2.13,0,6
USR009487,1.96,55.4,0.21,0.527,1.76,1.0,0,3
USR009490,0.2,20.6,1.45,0.399,1.28,4.52,1,9
USR009505,1.19,42.5,0.65,0.438,1.08,5.35,1,5
USR009509,1.29,33.5,0.75,0.454,0.87,7.93,2,8
USR009521,0.88,19.9,1.08,0.544,0.93,4.83,3,10
USR009540,0.79,19.9,1.04,0.43,0.86,4.36,1,8
USR009547,0.99,12.1,1.2,0.419,1.02,7.25,1,5
USR009549,2.24,54.0,1.07,0.46,1.34,6.0,1,11
USR009551,1.41,24.8,1.06,0.445,1.01,8.51,0,1
USR009571,2.06,23.9,0.94,0.453,1.07,7.13,1,7
USR009582,1.75,18.5,0.74,0.447,1.52,1.03,0,9
USR009587,0.99,48.0,0.7,0.462,1.28,1.24,2,0
USR009591,1.84,24.4,0.95,0.419,0.94,6.56,1,10
USR009592,1.37,27.1,0.57,0.454,1.03,4.62,2,4
USR009601,1.29,57.5,0.7,0.547,1.34,4.11,1,5
USR009604,1.39,29.0,0.97,0.433,1.02,6.37,2,4
USR009613,2.49,52.8,0.83,0.408,1.34,7.64,3,2
USR009615,1.64,39.4,0.75,0.485,1.21,2.15,2,6
USR009620,1.36,32.4,0.85,0.456,1.1,6.82,0,14
USR009623,1.14,20.7,1.09,0.418,1.03,6.41,0,12
USR009641,1.16,31.0,0.9,0.473,1.2,4.61,0,2
USR009642,1.04,5.1,1.14,0.423,0.89,7.58,3,11
USR009647,1.33,27.0,0.96,0.397,1.04,4.62,1,13
USR009676,0.66,26.9,1.11,0.394,1.04,4.45,1,7
USR009680,1.14,25.9,0.77,0.361,1.03,4.25,2,16
USR009682,1.99,25.8,1.13,0.526,1.12,3.86,1,5
USR009683,1.29,16.1,0.95,0.378,0.72,8.17,1,6
USR009687,1.48,48.8,0.63,0.444,0.96,6.79,0,5
USR009712,1.3,18.8,1.1,0.418,0.89,5.1,0,9
USR009716,1.36,20.0,1.3,0.496,1.19,6.28,4,2
USR009723,1.66,35.4,1.01,0.487,1.16,4.67,1,1
USR009731,1.58,18.3,1.09,0.357,0.89,7.22,1,9
USR009736,1.63,46.9,0.81,0.516,1.3,7.83,2,10
USR009741,1.64,29.0,1.12,0.396,1.04,6.01,2,7
USR009744,1.22,48.6,1.18,0.432,1.06,7.15,2,6
USR009747,0.55,33.5,1.13,0.326,1.08,7.39,0,8
USR009776,1.65,25.1,0.44,0.494,1.17,5.89,1,10
USR009779,0.72,23.2,0.52,0.424,0.91,6.62,2,9
USR009783,1.93,61.0,0.47,0.558,1.15,4.6,1,7
USR009807,2.11,37.5,0.71,0.388,0.99,3.24,0,10
USR009810,1.73,14.7,0.84,0.408,0.77,9.45,3,10
USR009823,1.65,17.0,0.92,0.369,0.67,5.68,0,8
USR009829,1.39,40.0,0.63,0.461,1.29,2.39,0,7
USR009837,1.68,28.8,0.91,0.46,0.96,6.6,0,9
USR009847,1.47,23.6,1.22,0.334,0.87,9.01,3,12
USR009849,1.72,29.8,0.81,0.446,0.97,5.47,1,12
USR009851,1.44,50.3,0.78,0.41,0.94,7.1,1,6
USR009853,2.71,39.4,1.07,0.416,1.25,1.88,2,5
USR009856,1.11,50.0,0.22,0.519,1.41,1.0,0,9
USR009858,1.87,48.3,0.1,0.614,1.43,1.87,0,0
USR009865,1.58,65.1,0.17,0.474,1.69,3.04,0,11
USR009875,0.73,42.5,0.82,0.388,1.0,6.55,3,12
USR009881,1.5,34.8,0.65,0.449,0.97,3.11,0,10
USR009903,1.9,66.6,0.22,0.523,1.37,1.0,0,3
USR009913,1.3,34.8,0.44,0.477,1.37,1.96,3,13
USR009923,1.6,25.0,1.22,0.424,1.26,6.2,0,12
USR009932,1.19,41.5,0.92,0.445,1.38,1.42,0,9
USR009942,1.28,28.4,1.09,0.406,0.94,12.7,3,6
USR009945,1.27,39.7,0.69,0.432,1.11,3.04,1,10
USR009947,1.74,36.9,1.08,0.486,1.01,5.7,2,11
USR009953,1.25,42.8,0.88,0.449,0.89,7.35,1,8
USR009967,2.04,57.7,0.56,0.49,1.28,5.84,0,2
USR009978,1.3,15.7,1.42,0.436,0.99,6.78,0,10
USR009981,1.67,18.2,0.84,0.339,0.86,7.21,1,12
USR009985,1.03,27.3,1.0,0.425,0.95,5.45,0,8
USR009989,2.15,69.6,0.8,0.494,1.54,7.47,1,5
USR009991,1.17,32.9,0.62,0.451,0.82,4.65,2,6
USR009998,1.94,61.5,0.5,0.48,1.09,4.46,0,6
USR010008,1.3,15.0,0.86,0.441,0.98,5.77,0,7
USR010021,2.05,25.7,0.62,0.48,1.13,3.88,1,8
USR010024,1.02,43.7,0.43,0.502,1.42,2.95,0,7
USR010026,1.33,61.0,0.47,0.507,1.34,4.23,0,7
USR010046,1.01,38.7,0.41,0.419,0.69,5.45,0,15
USR010048,1.6,31.3,0.61,0.489,0.86,1.65,0,5
USR010058,1.73,56.3,0.54,0.5,1.25,1.48,1,7
USR010081,0.55,13.6,0.91,0.409,0.86,6.95,1,14
USR010083,3.29,47.5,0.4,0.453,1.24,2.33,1,2
USR010102,0.68,34.2,0.68,0.392,0.96,4.98,2,14
USR010106,1.55,47.3,0.51,0.489,1.05,3.35,3,6
USR010115,2.0,31.5,0.44,0.493,1.29,1.41,0,12
USR010130,1.72,68.8,1.04,0.54,1.21,3.25,1,4
USR010141,1.32,8.7,1.09,0.409,1.18,5.4,2,4
USR010143,1.95,57.4,0.48,0.597,1.38,4.3,0,9
USR010146,1.6,33.8,1.08,0.263,0.84,10.95,2,15
USR010150,1.92,22.7,0.87,0.342,1.24,7.14,1,8
USR010152,1.81,51.1,1.14,0.464,1.08,6.02,0,1
USR010155,1.87,32.8,0.5,0.434,1.26,4.64,3,5
USR010166,1.57,30.8,0.56,0.554,1.38,2.65,0,7
USR010178,2.27,32.7,1.01,0.545,1.37,6.71,1,5
USR010187,1.68,56.4,0.49,0.507,1.51,1.0,0,7
USR010191,2.23,38.3,0.68,0.461,1.34,6.34,0,7
USR010192,0.97,31.2,1.16,0.389,1.07,4.23,2,11
USR010196,1.32,35.1,0.4,0.355,0.93,2.15,0,10
USR010204,1.73,30.6,1.05,0.487,1.13,1.56,1,3
USR010213,1.74,28.6,0.47,0.442,1.17,5.96,1,6
USR010227,1.47,48.2,0.83,0.477,1.21,3.0,2,6
USR010229,1.35,29.7,0.4,0.317,1.08,4.27,0,9
USR010232,0.92,14.6,1.05,0.433,1.04,5.7,1,14
USR010233,1.18,39.4,0.44,0.446,1.37,3.56,1,14
USR010238,1.44,24.7,1.07,0.427,1.28,9.57,3,10
USR010256,1.11,58.8,0.28,0.551,1.18,3.39,0,7
USR010271,1.59,18.2,1.11,0.366,0.76,6.67,4,14
USR010289,1.74,61.7,1.1,0.468,1.22,4.69,3,10
USR010292,1.91,35.4,0.35,0.498,1.52,1.29,0,4
USR010298,1.27,24.7,1.12,0.458,1.12,4.11,2,9
USR010306,1.33,28.8,0.63,0.404,0.79,3.6,1,14
USR010314,1.9,41.2,1.46,0.538,1.18,3.69,1,8
USR010316,1.31,20.9,1.19,0.411,0.95,7.65,1,7
USR010323,1.4,50.2,0.55,0.403,1.27,4.71,1,8
USR010327,1.48,34.6,1.41,0.394,1.16,6.97,1,9
USR010328,1.47,26.1,0.38,0.53,1.64,2.85,0,0
USR010329,1.99,40.0,1.2,0.42,1.36,4.23,0,2
USR010332,1.61,33.9,0.71,0.47,0.85,6.96,1,8
USR010340,2.06,20.6,0.84,0.402,0.96,6.23,2,12
USR010348,1.28,47.8,0.83,0.406,0.89,7.3,2,0
USR010352,1.24,31.4,1.2,0.403,0.85,4.43,2,3
USR010377,1.75,39.3,0.98,0.485,1.1,3.53,0,9
USR010389,1.44,10.4,1.21,0.456,1.09,5.27,0,6
USR010393,1.74,44.8,0.31,0.562,1.44,1.0,0,10
USR010397,0.85,24.1,1.51,0.339,1.19,7.03,0,14
USR010419,1.1,28.8,0.69,0.508,1.12,5.29,1,3
USR010422,0.67,30.1,0.92,0.306,1.1,3.96,0,11
USR010447,1.06,49.7,0.76,0.361,0.9,9.77,3,11
USR010489,1.86,36.0,0.6,0.472,1.47,4.47,2,5
USR010503,2.53,22.7,0.64,0.472,1.18,3.85,1,3
USR010528,1.36,7.8,0.68,0.418,1.22,7.93,3,13
USR010529,1.8,28.3,1.0,0.43,0.84,4.74,2,10
USR010530,1.51,31.5,0.73,0.45,1.25,2.34,2,12
USR010534,1.74,8.1,0.94,0.352,0.96,6.31,3,7
USR010537,1.28,30.4,0.98,0.389,1.03,5.37,0,11
USR010538,1.77,30.8,0.81,0.484,0.84,2.79,2,4
USR010551,1.94,45.8,0.46,0.559,1.24,2.65,0,3
USR010555,0.96,56.4,0.64,0.447,0.98,4.63,0,9
USR010576,1.92,22.0,1.43,0.489,1.4,9.98,2,7
USR010586,1.69,40.4,0.58,0.576,1.66,2.76,1,9
USR010590,1.57,23.3,1.48,0.383,1.01,7.43,1,3
USR010591,1.75,29.9,1.11,0.459,0.99,6.91,0,4
USR010614,1.77,66.0,0.6,0.472,1.29,1.0,0,6
USR010615,1.22,25.0,0.89,0.521,1.12,7.32,0,7
USR010620,1.3,53.0,0.91,0.483,1.31,4.49,0,7
USR010629,1.67,46.0,0.17,0.536,1.49,3.03,0,2
USR010639,1.56,33.2,0.87,0.351,0.85,4.62,1,6
USR010656,1.47,44.7,0.62,0.434,1.23,5.05,1,5
USR010662,1.85,51.5,0.8,0.468,1.12,4.81,1,5
USR010676,1.35,11.2,0.83,0.366,0.94,7.69,0,7
USR010685,1.56,5.3,0.76,0.387,0.86,6.0,2,10
USR010686,2.12,70.2,0.4,0.574,1.75,1.0,0,1
USR010692,0.99,26.1,0.79,0.464,0.76,3.93,0,9
USR010698,1.25,36.1,0.57,0.388,1.21,5.0,1,12
USR010710,1.74,30.1,0.76,0.416,1.38,2.37,2,5
USR010713,1.01,43.8,0.43,0.505,1.29,3.36,0,7
USR010715,2.48,44.1,0.59,0.534,1.25,1.0,0,7
USR010718,1.85,26.4,0.8,0.4,0.55,7.61,1,11
USR010730,1.12,48.8,0.84,0.449,1.27,6.15,3,5
USR010734,1.47,10.4,1.2,0.356,1.38,7.15,1,14
USR010740,1.19,25.4,0.77,0.435,1.03,5.39,0,3
USR010770,1.78,35.7,0.55,0.497,0.91,4.39,0,9
USR010773,1.81,63.0,0.53,0.513,1.08,1.03,0,6
USR010783,1.93,26.8,0.53,0.541,1.05,1.0,0,11
USR010785,2.07,66.4,0.17,0.602,1.55,1.0,0,6
USR010816,1.61,35.2,0.64,0.444,1.12,4.15,0,5
USR010818,1.38,27.2,1.16,0.421,0.97,3.22,2,14
USR010836,0.62,38.7,0.79,0.45,1.11,5.8,1,9
USR010843,1.06,44.1,0.61,0.531,1.14,1.2,2,4
USR010844,1.75,23.0,0.92,0.494,1.09,6.02,2,6
USR010847,1.85,54.0,0.9,0.45,1.08,8.43,3,7
USR010854,0.62,22.4,0.7,0.443,1.01,6.11,1,11
USR010857,1.31,73.7,0.6,0.534,1.32,4.21,0,2
USR010858,1.44,13.8,1.11,0.47,0.75,8.69,2,13
USR010859,1.15,36.3,0.77,0.521,1.14,5.48,1,16
USR010874,2.15,44.1,0.77,0.537,1.33,2.13,1,2
USR010884,1.15,37.0,0.61,0.514,1.34,1.81,2,6
USR010887,1.3,15.6,1.23,0.37,0.64,8.94,4,3
USR010888,2.01,28.9,0.93,0.583,1.63,2.57,1,1
USR010897,1.46,17.9,1.15,0.367,0.98,6.51,1,2
USR010902,1.4,29.5,0.55,0.417,1.15,5.41,1,5
USR010907,1.32,29.1,1.25,0.3,0.55,4.78,2,16
USR010913,0.78,23.6,1.15,0.373,1.1,7.93,1,12
USR010919,1.88,39.7,0.96,0.462,1.47,1.76,1,7
USR010924,1.68,45.3,0.83,0.365,0.91,8.67,2,8
USR010935,1.49,45.1,0.73,0.498,1.14,6.29,1,7
USR010957,1.77,25.8,0.6,0.447,0.96,1.46,1,8
USR010958,1.13,33.0,0.86,0.383,0.88,6.78,1,14
USR010965,0.55,12.4,0.82,0.353,0.55,8.61,2,16
USR010995,1.03,25.3,1.14,0.325,0.8,6.47,2,6
USR011005,1.6,24.7,0.65,0.538,1.58,2.95,1,7
USR011010,1.71,35.4,0.44,0.44,0.97,4.41,0,10
USR011029,1.63,28.6,1.54,0.359,0.91,9.52,2,6
USR011034,1.6,63.3,0.1,0.625,1.35,1.0,0,4
USR011044,2.08,61.1,0.42,0.498,1.04,4.21,0,5
USR011070,1.78,28.4,0.67,0.496,1.15,3.82,1,8
USR011080,0.92,38.8,0.96,0.397,0.92,4.82,2,10
USR011083,0.41,28.3,1.05,0.491,1.33,7.22,2,9
USR011084,1.46,10.2,1.37,0.354,0.6,9.08,1,19
USR011100,1.94,30.4,0.97,0.35,1.09,4.0,0,3
USR011119,1.96,37.4,0.77,0.499,1.29,5.46,0,5
USR011121,2.01,42.4,0.13,0.552,1.23,1.04,0,9
USR011122,1.54,32.5,0.91,0.404,1.21,2.9,1,3
USR011125,1.58,52.3,0.65,0.409,1.31,3.09,1,7
USR011159,1.04,49.9,0.69,0.444,1.17,6.56,3,12
USR011161,0.67,24.7,1.01,0.369,0.99,7.62,1,14
USR011164,1.84,48.2,0.5,0.393,0.98,5.31,1,6
USR011166,1.99,19.4,0.94,0.508,1.31,5.94,1,11
USR011167,1.36,44.2,0.64,0.488,1.22,3.56,2,6
USR011194,2.0,36.6,0.72,0.43,1.1,7.03,0,6
USR011210,2.17,48.5,0.3,0.305,1.11,3.68,0,4
USR011214,1.31,44.2,0.59,0.535,1.43,1.12,1,8
USR011225,1.2,6.4,1.13,0.385,0.93,7.76,2,2
USR011230,1.18,24.1,1.05,0.394,1.35,5.51,1,12
USR011235,1.94,51.4,0.55,0.433,1.14,3.97,1,4
USR011241,2.38,26.4,0.89,0.42,1.04,7.4,0,6
USR011253,2.2,58.6,0.77,0.462,1.24,6.22,0,10
USR011287,0.98,26.6,0.94,0.424,0.95,8.24,1,10
USR011290,1.69,39.6,0.31,0.454,1.32,2.55,0,2
USR011292,1.59,43.7,0.76,0.502,1.42,3.81,0,15
USR011293,1.12,50.5,0.92,0.46,0.95,5.11,1,9
USR011298,1.71,55.9,0.73,0.395,1.32,6.75,3,5
USR011301,2.02,22.6,1.03,0.42,1.31,7.02,2,10
USR011318,1.1,60.5,0.99,0.426,1.2,6.21,1,7
USR011320,2.41,37.1,0.51,0.457,0.99,5.06,1,8
USR011322,2.1,42.9,0.86,0.532,1.23,1.24,0,3
USR011324,1.45,29.4,1.3,0.328,0.72,5.01,0,6
USR011333,1.08,38.9,1.12,0.341,0.74,4.51,0,8
USR011340,1.02,42.7,0.6,0.539,1.3,4.48,2,1
USR011344,1.11,40.3,0.42,0.358,0.87,5.7,0,12
USR011349,0.55,27.8,1.54,0.408,1.04,5.87,1,9
USR011353,0.69,57.9,0.49,0.47,1.4,1.44,0,11
USR011358,1.82,29.8,0.43,0.439,1.44,4.25,0,13
USR011363,1.7,30.0,0.84,0.404,1.1,4.48,0,9
USR011371,1.59,61.8,0.87,0.427,1.38,4.64,2,5
USR011372,1.7,40.1,0.98,0.479,1.14,4.16,1,7
USR011381,1.63,21.4,0.78,0.393,0.96,5.22,0,11
USR011389,1.26,62.3,0.67,0.495,1.2,2.33,0,3
USR011394,1.78,38.2,0.6,0.413,1.36,4.16,0,2
USR011397,1.04,19.2,0.86,0.392,0.97,2.84,1,5
USR011398,1.9,27.9,0.88,0.472,1.07,4.64,0,8
USR011408,1.47,18.4,0.83,0.342,0.55,5.59,2,12
USR011416,1.55,64.9,0.19,0.465,1.39,1.0,0,5
USR011420,1.94,39.7,0.59,0.55,1.46,2.76,0,9
USR011421,1.84,60.0,0.64,0.542,1.39,2.74,0,10
USR011424,1.15,18.1,0.54,0.375,1.27,6.77,2,14
USR011428,1.52,11.2,1.43,0.459,1.01,7.2,2,8
USR011431,1.26,41.1,0.91,0.343,0.98,6.83,0,10
USR011449,1.07,37.3,0.29,0.514,1.04,2.33,0,6
USR011450,1.52,10.8,1.36,0.411,1.08,7.69,4,7
USR011454,1.06,32.9,0.63,0.357,1.08,3.85,0,6
USR011457,0.81,35.3,0.59,0.461,0.91,3.37,0,8
USR011465,1.71,36.1,0.68,0.535,1.29,2.86,0,9
USR011466,1.3,32.8,0.81,0.477,0.99,6.63,1,8
USR011478,0.83,44.1,0.95,0.547,1.19,4.8,1,7
USR011484,1.26,53.6,1.02,0.462,1.1,5.87,1,11
USR011487,1.65,22.4,1.0,0.367,0.55,5.25,0,10
USR011497,1.7,27.4,1.19,0.367,0.88,7.16,0,5
USR011503,1.1,58.3,0.39,0.474,1.08,2.88,0,5
USR011511,1.95,27.7,0.89,0.371,1.41,6.36,2,1
USR011514,1.45,55.5,0.63,0.51,1.13,3.21,0,12
USR011516,1.11,55.1,0.6,0.565,1.43,1.29,0,3
USR011522,1.93,38.0,1.23,0.397,1.05,7.4,1,7
USR011524,0.74,11.2,0.73,0.488,1.17,5.09,0,11
USR011538,1.73,40.4,0.54,0.5,1.07,5.0,1,1
USR011539,1.78,33.3,0.84,0.434,1.13,2.57,2,10
USR011546,1.67,36.2,0.54,0.424,1.04,6.19,0,2
USR011550,1.14,4.0,0.87,0.389,0.9,7.72,2,1
USR011553,0.98,18.0,1.21,0.398,0.84,8.34,3,6
USR011555,1.66,50.3,1.11,0.374,1.06,7.64,0,8
USR011569,2.07,30.1,0.71,0.387,1.02,2.91,0,14
USR011580,1.46,24.8,0.68,0.371,0.99,6.32,2,11
USR011583,0.99,39.3,0.16,0.422,1.64,2.81,0,9
USR011587,1.05,47.7,0.62,0.505,1.36,1.83,0,8
USR011623,1.3,35.7,0.63,0.553,1.0,4.65,1,4
USR011628,1.35,15.2,1.12,0.406,0.9,7.34,2,9
USR011637,0.95,57.5,0.68,0.542,1.57,3.03,1,11
USR011644,1.79,34.7,1.21,0.379,1.03,2.9,0,8
USR011650,1.76,57.8,0.89,0.468,1.22,1.0,0,7
USR011653,2.1,43.8,0.51,0.522,1.71,1.55,2,3
USR011656,1.11,39.1,0.55,0.498,1.4,3.46,0,6
USR011657,2.15,60.2,0.29,0.455,1.59,3.08,0,0
USR011673,1.36,25.6,1.05,0.314,0.69,8.41,0,6
USR011688,3.06,28.5,0.94,0.411,1.13,3.81,1,3
USR011689,1.91,25.1,0.87,0.551,1.16,4.18,2,2
USR011690,1.38,36.3,0.63,0.464,1.2,1.88,0,4
USR011691,1.95,37.4,0.48,0.519,1.14,1.73,0,0
USR011693,1.27,26.7,1.29,0.387,0.6,8.77,1,5
USR011698,1.07,37.3,0.64,0.457,1.12,6.92,1,4
USR011704,1.44,16.1,1.25,0.474,1.18,2.83,3,5
USR011713,1.28,26.9,0.85,0.552,1.33,5.01,1,7
USR011716,2.12,27.3,1.07,0.41,1.13,4.17,1,4
USR011724,2.0,48.3,0.81,0.474,1.22,6.04,2,6
USR011733,1.2,18.6,0.9,0.394,0.99,5.66,0,15
USR011750,1.38,29.1,0.87,0.45,1.13,4.5,0,5
USR011758,2.26,24.3,1.15,0.511,1.22,4.93,0,0
USR011771,1.46,37.1,1.09,0.441,1.05,4.19,0,14
USR011790,1.11,26.3,1.21,0.455,1.13,7.14,0,15
USR011794,2.24,23.9,0.42,0.403,0.71,1.74,0,10
USR011818,2.06,29.1,0.73,0.358,0.96,3.3,0,7
USR011837,1.95,37.5,0.95,0.512,1.05,5.28,0,4
USR011838,1.82,29.1,1.41,0.482,1.28,2.38,3,1
USR011841,1.36,66.1,0.98,0.48,1.24,4.08,1,2
USR011861,1.1,50.8,0.1,0.479,1.11,1.96,0,7
USR011863,2.0,63.0,0.55,0.521,1.18,2.43,0,2
USR011875,1.7,43.9,0.74,0.518,1.31,2.59,0,3
USR011882,1.93,23.9,1.23,0.456,1.15,4.05,1,8
USR011896,1.87,21.7,0.51,0.403,1.29,5.9,0,9
USR011898,1.82,55.5,0.31,0.498,1.51,4.5,0,6
USR011902,0.37,24.0,1.2,0.354,1.11,9.16,1,13
USR011915,1.15,38.9,0.65,0.579,1.54,4.75,1,5
USR011935,1.69,27.2,0.82,0.493,1.2,4.7,1,0
USR011939,1.81,54.8,0.84,0.514,1.42,3.09,1,1
USR011940,1.21,30.1,0.94,0.477,1.02,1.85,1,2
USR011942,2.46,64.1,0.26,0.43,1.03,2.58,0,7
USR011960,1.38,40.0,0.19,0.489,1.08,2.53,0,11
USR011985,2.04,67.4,0.33,0.449,1.01,5.07,0,0
USR011991,0.72,30.6,0.81,0.377,0.98,7.13,0,10
USR012009,1.11,7.7,1.33,0.402,0.86,8.66,1,9
USR012026,1.7,38.4,0.73,0.372,1.04,4.85,0,14
USR012035,2.11,25.7,0.51,0.476,1.33,4.6,0,4
USR012044,1.38,56.6,0.75,0.521,1.26,1.24,2,0
USR012047,1.7,44.4,1.06,0.397,0.85,9.14,1,1
USR012048,2.53,43.6,1.07,0.479,1.46,2.99,1,1
USR012050,1.66,23.4,1.0,0.477,1.18,2.74,2,7
USR012059,1.2,16.6,0.7,0.392,1.08,7.4,1,8
USR012069,2.18,32.6,0.61,0.4,0.81,4.14,0,12
USR012073,1.58,19.4,0.96,0.373,0.89,10.75,0,9
USR012091,1.03,67.0,0.48,0.464,1.4,1.7,0,4
USR012093,1.74,51.1,0.7,0.498,1.26,4.2,1,7
USR012097,1.52,35.5,0.69,0.476,1.21,3.53,1,9
USR012102,1.57,43.1,0.4,0.482,1.1,2.23,0,5
USR012109,1.91,13.6,1.13,0.301,0.84,6.89,1,7
USR012110,1.66,35.1,0.95,0.469,0.84,3.15,0,8
USR012121,1.17,26.9,0.3,0.507,0.86,6.3,4,6
USR012128,1.75,32.2,0.46,0.484,1.41,2.6,0,7
USR012129,1.52,33.9,0.5,0.501,1.26,3.83,1,8
USR012158,1.62,47.3,1.12,0.493,1.17,2.03,1,8
USR012162,1.49,24.4,0.91,0.44,1.25,6.78,0,6
USR012165,1.83,56.2,0.76,0.531,1.17,5.4,2,4
USR012171,1.14,23.0,0.88,0.441,1.08,4.95,2,15
USR012190,1.13,26.4,1.09,0.404,0.94,8.76,2,14
USR012197,1.63,30.8,0.47,0.463,1.13,4.46,0,9
USR012198,1.56,34.1,0.96,0.416,0.82,4.94,3,8
USR012205,2.14,26.0,0.8,0.564,0.89,5.26,0,3
USR012216,1.21,34.7,0.44,0.517,1.38,1.86,0,14
USR012222,1.44,41.1,0.37,0.536,1.16,4.88,0,3
USR012226,1.26,49.3,0.81,0.436,1.15,6.84,0,7
USR012234,0.72,20.5,0.81,0.447,1.0,4.97,0,14
USR012236,1.67,24.9,0.9,0.51,0.96,5.37,1,3
USR012245,0.97,36.9,0.78,0.458,1.37,5.86,3,14
USR012251,1.45,41.9,0.33,0.521,1.25,3.83,0,1
USR012261,1.39,18.2,0.95,0.402,0.91,6.05,1,0
USR012264,0.63,19.7,1.09,0.434,1.0,5.84,0,7
USR012266,2.36,20.7,1.07,0.455,1.33,3.55,1,4
USR012268,1.26,49.5,0.6,0.382,1.25,7.78,3,9
USR012289,1.83,33.9,0.32,0.439,1.13,4.81,2,7
USR012299,1.35,41.0,0.94,0.457,1.12,6.86,1,10
USR012301,1.25,28.7,1.0,0.347,0.96,4.73,1,13
USR012313,1.64,29.9,1.17,0.434,0.99,1.98,0,9
USR012322,2.02,71.6,0.44,0.5,1.16,2.51,0,6
USR012331,0.99,18.8,0.97,0.398,0.66,5.34,2,10
USR012332,2.47,30.3,0.5,0.572,1.16,1.19,0,3
USR012346,1.59,26.6,0.37,0.585,1.19,5.94,1,4
USR012348,1.54,52.8,0.77,0.403,0.76,5.5,3,14
USR012351,1.43,28.4,1.08,0.378,0.79,6.03,1,2
USR012356,2.54,38.9,0.82,0.416,1.43,1.0,0,2
USR012364,2.03,36.9,0.81,0.524,1.4,4.07,0,9
USR012373,2.4,61.9,0.51,0.45,1.25,3.61,0,3
USR012376,0.76,28.2,1.13,0.303,0.73,10.88,1,9
USR012378,1.43,40.2,0.32,0.576,1.48,1.53,0,11
USR012383,1.95,29.9,0.24,0.556,1.12,4.74,1,4
USR012386,1.4,26.3,0.8,0.434,1.18,7.95,0,10
USR012391,2.19,36.7,0.82,0.589,1.31,4.93,1,4
USR012393,1.09,38.4,0.58,0.394,1.64,4.61,1,11
USR012409,1.18,33.8,0.77,0.606,1.49,3.77,0,7
USR012410,1.23,24.9,0.73,0.552,1.17,2.39,1,7
USR012413,1.11,39.3,0.82,0.473,0.88,2.05,1,9
USR012416,0.92,47.3,0.57,0.529,1.07,2.7,2,12
USR012420,0.81,18.9,0.95,0.448,1.03,3.65,0,3
USR012421,1.1,38.7,0.54,0.372,0.99,5.01,0,15
USR012438,2.45,34.7,0.97,0.419,1.17,4.92,3,3
USR012448,0.98,27.8,0.99,0.417,1.27,3.85,1,9
USR012453,2.24,55.5,0.34,0.508,1.26,2.86,0,8
USR012456,1.29,32.2,1.38,0.448,1.29,5.82,2,14
USR012467,1.37,9.2,1.14,0.379,1.2,5.55,2,18
USR012471,1.77,56.9,0.71,0.478,1.3,1.01,0,8
USR012473,1.58,40.8,0.36,0.525,1.41,3.66,0,10
USR012480,1.86,32.5,1.05,0.481,1.06,1.76,1,8
USR012484,1.65,40.1,1.13,0.325,1.06,8.28,1,9
USR012489,2.04,27.4,1.08,0.352,0.92,7.46,1,1
USR012490,1.56,4.0,1.32,0.279,0.68,7.45,2,12
USR012493,1.71,15.1,1.41,0.374,0.71,10.23,0,13
USR012498,1.45,40.2,1.24,0.354,0.8,8.5,2,12
USR012503,1.54,33.4,0.43,0.547,1.16,7.13,0,9
USR012508,1.66,52.6,0.74,0.405,1.11,5.12,0,1
USR012540,1.44,46.5,0.69,0.484,1.36,1.81,0,3
USR012546,1.92,22.2,0.84,0.534,1.3,2.83,2,8
USR012568,0.8,32.9,0.41,0.518,1.24,2.43,0,16
USR012569,1.25,33.7,0.61,0.379,1.05,5.33,1,0
USR012581,1.46,35.9,0.96,0.387,1.17,3.35,0,0
USR012582,1.11,24.3,1.1,0.44,0.98,5.11,2,6
USR012610,1.42,47.5,0.64,0.551,1.29,1.0,0,5
USR012626,1.9,30.0,0.51,0.476,1.07,2.96,1,9
USR012634,2.07,63.5,0.22,0.452,1.49,4.45,0,3
USR012638,2.02,32.7,0.71,0.418,0.95,2.46,0,4
USR012662,0.95,25.9,0.88,0.402,0.82,8.47,3,6
USR012667,2.4,44.4,0.32,0.496,1.1,2.58,0,6
USR012678,1.8,50.3,0.37,0.479,1.31,4.54,0,3
USR012692,0.72,39.9,0.49,0.428,1.3,4.01,0,7
USR012709,1.99,48.3,0.82,0.468,1.11,2.39,1,8
USR012711,1.76,68.0,0.75,0.506,1.2,4.55,2,9
USR012712,1.76,19.3,0.89,0.362,0.74,7.09,2,6
USR012713,1.02,31.7,0.78,0.459,1.49,3.74,1,9
USR012719,0.34,20.4,1.07,0.338,0.69,9.19,0,16
USR012726,1.38,20.5,0.92,0.432,1.13,2.84,4,9
USR012729,1.2,58.9,0.45,0.472,1.37,2.74,0,9
USR012732,1.04,33.4,1.01,0.356,0.96,5.36,2,11
USR012737,1.73,35.4,1.04,0.417,1.21,6.23,1,11
USR012764,1.18,37.3,0.86,0.567,1.58,2.8,0,9
USR012771,1.19,38.3,1.04,0.492,1.05,6.16,0,17
USR012793,1.04,38.8,0.55,0.524,1.23,5.63,1,4
USR012798,1.78,45.5,0.25,0.552,1.62,1.0,0,6
USR012807,0.66,25.6,0.85,0.394,0.9,6.89,1,10
USR012810,1.79,29.9,0.18,0.515,1.38,1.0,0,8
USR012826,1.29,59.8,0.82,0.453,1.33,3.33,0,5
USR012832,1.02,30.7,0.93,0.356,1.05,5.96,3,9
USR012836,1.65,21.3,0.72,0.518,1.11,5.11,0,7
USR012840,1.52,30.8,0.55,0.455,0.92,5.44,0,10
USR012866,1.79,37.0,1.09,0.528,1.54,4.52,2,2
USR012875,1.52,44.6,0.54,0.488,1.61,2.82,0,9
USR012886,1.54,61.1,0.74,0.425,0.9,5.8,1,7
USR012891,1.34,60.5,0.71,0.502,1.3,1.8,1,6
USR012892,2.23,58.3,0.62,0.501,1.26,5.55,0,2
USR012894,0.66,27.1,0.93,0.426,1.17,2.49,1,12
USR012911,1.4,45.9,0.84,0.397,1.07,5.72,3,5
USR012921,1.42,33.1,0.69,0.563,1.24,3.88,2,17
USR012924,1.45,46.1,0.17,0.534,1.4,1.63,1,3
USR012926,1.65,25.2,0.63,0.51,1.14,4.89,2,3
USR012927,1.17,30.5,0.68,0.439,0.93,5.43,0,12
USR012941,1.15,25.5,0.58,0.371,0.82,6.67,2,9
USR012948,1.49,23.3,0.64,0.413,1.39,6.93,0,12
USR012969,1.52,24.2,1.3,0.473,1.34,8.15,1,5
USR012974,1.77,34.9,0.13,0.516,1.21,1.0,0,3
USR012977,0.84,22.3,0.87,0.313,0.74,8.37,1,8
USR012979,1.39,24.4,0.5,0.386,0.81,1.59,0,10
USR012981,1.98,26.5,1.06,0.476,1.14,3.71,0,0
USR013006,2.17,56.9,0.79,0.517,1.04,5.02,0,2
USR013008,1.42,27.2,0.74,0.398,0.98,1.42,0,9
USR013012,1.47,30.7,0.4,0.432,0.93,2.62,1,9
USR013015,0.86,11.7,0.93,0.361,0.8,6.31,0,15
USR013037,1.97,29.5,0.38,0.481,1.04,8.72,1,4
USR013039,1.18,28.4,0.78,0.49,0.91,8.07,0,9
USR013048,2.46,56.1,0.68,0.433,0.91,6.0,1,6
USR013055,1.38,54.8,0.43,0.471,1.15,5.14,3,8
USR013061,1.61,24.2,0.91,0.343,0.73,6.48,1,6
USR013072,1.46,31.9,1.05,0.491,1.3,4.4,0,7
USR013081,1.48,54.0,0.36,0.49,1.22,1.0,1,5
USR013083,2.01,38.7,0.7,0.453,0.97,4.23,0,7
USR013087,1.73,21.2,1.22,0.386,0.84,8.0,1,2
USR013090,1.02,33.5,0.77,0.423,1.19,6.65,0,8
USR013095,1.7,33.1,1.05,0.479,1.27,1.39,0,5
USR013108,1.47,36.2,0.82,0.399,1.14,4.63,1,7
USR013113,1.21,36.3,1.16,0.451,1.16,4.06,2,5
USR013130,2.43,59.7,0.49,0.464,1.25,3.88,0,0
USR013145,1.76,52.2,0.83,0.484,1.4,4.0,1,12
USR013156,1.48,25.9,0.68,0.412,1.21,3.61,0,10
USR013158,1.68,40.8,0.58,0.402,1.15,2.03,1,13
USR013173,2.12,18.0,0.82,0.43,0.95,5.09,0,5
USR013181,1.63,38.4,0.78,0.379,1.26,5.64,2,8
USR013191,2.01,49.4,0.51,0.488,1.39,4.12,0,4
USR013196,0.99,46.6,0.59,0.505,1.3,4.73,0,12
USR013207,1.97,24.9,0.88,0.407,1.14,3.79,0,9
USR013210,1.73,29.3,0.97,0.42,1.18,3.88,1,8
USR013231,1.34,32.0,0.68,0.471,0.73,5.04,1,13
USR013232,1.93,39.1,0.84,0.404,0.87,6.06,4,13
USR013233,1.12,19.9,0.79,0.367,1.14,5.6,1,9
USR013235,2.07,43.4,0.79,0.505,1.2,4.37,0,1
USR013240,1.3,13.8,0.7,0.441,0.9,4.57,1,13
USR013258,1.57,31.3,0.45,0.463,1.05,4.18,0,2
USR013272,1.01,39.4,1.08,0.511,1.22,7.17,0,13
USR013274,1.42,50.4,0.61,0.469,1.62,3.96,0,4
USR013280,2.06,24.9,0.81,0.496,1.2,1.13,2,6
USR013284,2.23,30.6,0.84,0.489,1.89,7.43,2,7
USR013306,1.32,50.2,0.87,0.416,1.06,6.56,1,11
USR013309,1.45,41.1,0.12,0.557,1.42,1.0,0,7
USR013313,2.55,34.7,0.66,0.443,1.27,3.64,0,7
USR013317,1.26,17.9,0.7,0.402,0.84,6.4,1,10
USR013323,2.37,39.3,0.58,0.486,1.56,3.63,0,5
USR013331,1.47,29.2,0.94,0.518,1.34,4.27,1,8
USR013335,2.01,36.9,1.2,0.357,0.95,5.28,0,10
USR013343,2.03,39.4,0.61,0.421,1.25,2.8,0,3
USR013356,0.48,4.1,1.45,0.45,0.86,9.19,3,10
USR013361,1.6,16.2,1.11,0.359,0.68,4.83,0,12
USR013374,2.05,28.1,0.71,0.417,1.33,5.14,2,12
USR013386,1.55,48.4,0.91,0.417,1.25,5.1,0,0
USR013392,1.47,31.6,1.04,0.316,0.81,6.84,0,2
USR013393,1.49,55.4,0.59,0.534,1.52,1.48,0,5
USR013403,1.6,24.6,0.91,0.419,1.09,5.65,2,7
USR013411,2.4,50.3,0.47,0.508,1.14,4.31,0,6
USR013414,0.72,44.6,0.79,0.464,1.04,2.84,0,8
USR013415,1.17,17.0,1.39,0.469,1.24,2.69,1,5
USR013416,1.74,49.7,0.64,0.519,1.1,2.55,0,6
USR013418,0.6,20.6,1.02,0.349,1.05,6.16,0,17
USR013431,1.19,23.5,1.1,0.446,1.02,6.99,1,6
USR013436,1.34,36.8,1.07,0.359,1.03,6.39,0,14
USR013445,0.91,18.2,0.65,0.501,1.03,6.27,1,8
USR013457,1.58,62.6,0.68,0.44,1.25,6.64,1,4
USR013464,1.46,26.7,0.82,0.416,1.07,5.16,0,16
USR013476,1.91,10.6,1.25,0.416,1.17,8.0,1,3
USR013488,1.7,36.5,1.08,0.486,1.03,6.42,2,14
USR013496,1.14,27.5,0.82,0.465,1.0,4.22,0,6
USR013497,1.28,20.2,0.97,0.429,0.71,5.08,0,11
USR013507,1.67,40.4,0.97,0.468,1.27,1.0,0,8
USR013522,1.53,64.3,0.9,0.463,1.23,4.51,1,3
USR013540,1.97,22.3,0.57,0.412,0.96,6.57,0,8
USR013542,1.89,71.9,0.59,0.527,1.41,2.39,0,6
USR013544,1.46,41.3,0.64,0.419,0.92,4.27,0,9
USR013549,2.32,36.5,0.13,0.477,1.53,1.42,0,4
USR013555,1.51,25.8,0.9,0.369,1.02,5.73,1,7
USR013563,1.68,38.5,1.11,0.441,1.01,3.79,1,11
USR013566,1.53,35.7,0.51,0.457,1.25,10.1,1,13
USR013568,1.17,26.2,0.5,0.409,1.05,2.64,1,14
USR013575,1.68,16.6,1.12,0.434,1.05,5.31,2,5
USR013592,1.52,19.1,0.98,0.357,0.86,5.51,1,12
USR013596,1.55,28.9,1.27,0.406,1.09,7.83,1,3
USR013601,0.96,47.1,0.81,0.46,1.18,5.62,1,5
USR013604,1.08,18.8,1.19,0.352,0.91,6.24,1,9
USR013612,1.56,62.5,0.47,0.499,1.31,1.1,1,6
USR013621,1.3,16.6,0.95,0.352,0.98,5.56,1,11
USR013631,1.75,67.6,0.31,0.484,0.88,1.89,0,6
USR013632,1.64,29.7,0.43,0.465,1.37,4.91,3,9
USR013634,1.21,52.9,0.59,0.454,1.23,6.55,1,3
USR013641,2.23,18.5,1.25,0.384,1.08,6.08,2,8
USR013646,2.65,34.6,0.85,0.375,0.69,6.49,2,4
USR013658,1.12,31.0,0.1,0.596,1.45,1.44,0,8
USR013661,1.17,24.9,1.01,0.336,1.13,7.7,3,8
USR013676,0.78,33.0,1.36,0.394,1.04,7.22,1,17
USR013704,1.23,37.8,0.99,0.47,1.22,4.46,0,11
USR013711,1.86,35.2,0.51,0.433,1.25,3.98,1,4
USR013712,1.6,66.3,0.22,0.503,1.56,1.72,0,10
USR013716,1.28,38.2,0.59,0.421,1.15,5.1,0,4
USR013722,1.34,25.1,1.17,0.449,1.23,7.83,5,7
USR013738,1.02,51.0,0.52,0.413,1.0,8.74,2,6
USR013745,1.84,34.7,1.16,0.444,1.22,3.14,0,8
USR013774,1.49,46.1,0.66,0.516,1.28,3.78,1,4
USR013776,1.64,36.6,1.0,0.471,1.12,3.27,1,8
USR013800,1.82,48.9,0.1,0.512,1.46,4.02,2,7
USR013801,1.09,29.7,0.57,0.437,1.06,4.27,0,11
USR013803,1.92,22.3,0.72,0.432,1.29,6.12,3,9
USR013816,1.8,54.1,0.28,0.494,1.16,1.0,0,6
USR013826,2.18,31.8,1.34,0.458,1.23,6.74,0,9
USR013844,1.57,34.8,0.35,0.606,1.4,3.42,0,1
USR013856,1.2,11.3,1.27,0.383,0.79,12.03,1,16
USR013859,1.56,30.5,1.37,0.36,0.77,7.23,2,13
USR013860,1.47,55.6,0.16,0.447,1.39,2.09,0,0
USR013870,1.87,34.2,0.86,0.456,0.85,4.89,2,4
USR013883,1.76,63.0,0.27,0.527,1.55,2.58,0,6
USR013890,1.4,52.5,0.1,0.431,1.16,4.95,1,9
USR013894,1.64,33.7,1.35,0.431,1.01,5.3,2,5
USR013895,2.15,33.4,0.83,0.373,1.13,9.26,1,11
USR013900,2.01,20.0,0.87,0.439,1.05,6.18,2,5
USR013924,2.02,54.6,0.52,0.375,1.11,6.31,0,4
USR013929,1.78,26.5,0.1,0.456,0.97,4.42,0,8
USR013931,0.76,25.2,1.27,0.415,0.97,7.74,2,12
USR013936,1.2,49.0,0.76,0.46,1.25,3.31,0,3
USR013939,1.21,39.3,1.41,0.451,1.02,5.37,1,5
USR013946,0.92,26.7,0.84,0.389,1.14,4.2,1,7
USR013949,1.04,33.0,0.88,0.582,1.03,5.13,1,12
USR013950,1.4,41.6,0.71,0.377,0.96,7.03,0,0
USR013956,1.55,67.8,0.6,0.535,1.13,3.91,0,10
USR013962,1.84,56.4,0.4,0.455,1.42,2.66,1,11
USR013965,1.21,18.3,1.37,0.339,1.01,6.49,0,11
USR013968,2.23,30.9,0.45,0.516,1.05,5.38,1,3
USR013994,1.7,33.7,0.66,0.494,1.32,1.0,0,6
USR013995,1.4,57.0,0.31,0.507,1.61,1.0,0,2
USR014004,1.45,32.8,0.6,0.518,1.19,2.72,0,6
USR014019,1.45,11.8,1.24,0.448,1.25,4.91,1,2
USR014027,1.36,48.5,0.44,0.438,1.37,3.57,0,1
USR014031,2.31,53.0,0.7,0.47,1.4,2.57,1,1
USR014037,1.37,33.6,0.92,0.453,1.14,4.65,3,11
USR014075,1.44,24.5,0.72,0.327,0.57,3.95,1,13
USR014080,1.65,35.9,0.28,0.377,0.97,2.64,0,4
USR014083,1.37,28.0,0.86,0.415,1.19,7.16,0,7
USR014085,1.76,31.6,0.53,0.511,1.05,3.0,0,5
USR014092,1.9,32.1,0.66,0.538,1.43,7.58,1,9
USR014099,1.98,71.3,0.5,0.474,1.17,2.29,0,7
USR014107,0.76,34.2,1.0,0.368,0.79,9.82,0,15
USR014117,1.72,42.1,0.94,0.42,1.34,5.34,2,10
USR014129,1.79,33.9,0.16,0.566,1.49,1.0,0,7
USR014130,1.96,30.6,0.63,0.556,1.33,3.23,0,3
USR014132,1.32,20.0,0.95,0.472,1.29,5.1,1,8
USR014148,1.2,33.0,0.74,0.473,1.1,8.01,0,12
USR014153,1.99,28.7,1.01,0.385,0.64,4.75,0,6
USR014178,1.46,34.9,1.11,0.45,1.14,3.34,2,3
USR014184,0.45,78.1,0.54,0.425,1.69,1.63,0,12
USR014193,1.36,16.8,0.64,0.493,1.12,4.56,0,12
USR014202,1.07,50.6,0.1,0.471,1.36,1.0,1,10
USR014209,1.4,29.9,0.83,0.441,1.29,3.4,2,11
USR014211,0.48,41.5,0.75,0.474,1.1,5.81,1,11
USR014221,2.34,28.2,0.81,0.422,0.99,7.55,1,11
USR014225,1.3,42.3,0.76,0.445,1.03,6.21,0,10
USR014229,1.3,18.1,1.1,0.443,1.09,4.99,0,11
USR014245,1.59,36.4,1.01,0.455,0.97,4.58,0,5
USR014251,1.08,27.5,0.75,0.404,0.95,3.8,0,8
USR014254,1.57,55.9,0.75,0.51,1.37,4.05,1,6
USR014264,1.4,56.7,0.71,0.472,1.46,3.09,0,7
USR014291,1.36,34.7,0.49,0.517,1.47,1.0,0,4
USR014296,1.19,41.6,0.59,0.536,1.35,1.21,0,7
USR014306,2.09,36.4,0.97,0.517,1.28,7.62,0,3
USR014311,1.36,46.1,0.46,0.301,1.23,3.88,0,11
USR014312,1.69,26.5,0.98,0.4,0.93,6.47,0,7
USR014314,1.96,52.1,0.63,0.472,1.44,5.65,1,2
USR014336,1.71,38.9,0.31,0.464,1.27,4.46,1,3
USR014337,1.15,23.7,0.92,0.446,0.93,3.08,1,10
USR014339,1.77,15.4,0.62,0.462,0.84,2.13,0,2
USR014351,0.98,31.1,0.67,0.432,1.02,3.83,0,12
USR014358,2.16,27.1,0.57,0.329,0.96,4.56,2,1
USR014360,1.21,18.6,0.54,0.451,1.18,4.27,1,8
USR014373,1.13,44.2,0.79,0.475,1.14,2.18,0,8
USR014375,1.12,21.3,0.87,0.393,0.87,5.9,0,12
USR014377,1.68,61.8,0.1,0.524,1.18,3.68,0,6
USR014381,1.49,26.1,0.99,0.494,1.18,3.99,0,12
USR014384,0.54,33.2,1.01,0.486,1.5,5.76,1,10
USR014386,1.95,32.8,0.45,0.516,1.06,8.01,0,7
USR014390,1.64,23.0,0.81,0.445,1.22,4.09,3,11
USR014415,1.74,44.5,1.17,0.425,1.22,3.66,1,5
USR014430,1.02,34.4,0.83,0.414,0.59,5.53,0,8
USR014435,2.24,34.3,0.65,0.367,0.99,4.39,1,9
USR014450,2.31,46.8,1.02,0.439,1.24,1.0,1,5
USR014454,1.15,17.7,1.49,0.424,1.01,8.81,3,10
USR014471,1.41,20.0,0.93,0.412,0.86,5.1,1,10
USR014487,1.85,47.6,0.48,0.521,1.14,4.38,0,4
USR014490,1.38,39.5,0.86,0.498,1.47,2.46,1,7
USR014503,2.33,47.1,0.37,0.498,1.56,5.51,2,2
USR014505,1.76,56.8,0.46,0.465,1.47,2.45,0,3
USR014521,1.12,45.9,0.98,0.472,0.81,4.46,1,14
USR014523,1.41,39.9,0.69,0.43,1.21,1.8,0,5
USR014524,1.77,19.2,1.65,0.465,1.19,7.04,0,9
USR014532,1.09,33.9,0.45,0.41,0.82,2.72,2,0
USR014534,2.35,43.2,0.9,0.482,1.04,6.29,1,6
USR014535,0.86,20.8,1.12,0.366,0.95,6.03,1,13
USR014554,0.75,33.0,1.08,0.406,0.86,7.03,1,13
USR014571,1.04,32.8,0.78,0.557,1.48,1.98,0,6
USR014577,1.84,42.3,0.73,0.494,1.15,6.29,2,3
USR014580,1.34,21.6,0.46,0.398,1.22,5.4,1,8
USR014587,1.83,29.8,0.82,0.406,1.09,1.56,2,9
USR014594,1.73,28.4,1.38,0.596,1.36,5.64,2,0
USR014605,1.31,58.7,0.4,0.482,1.11,2.5,0,11
USR014609,1.21,63.2,0.34,0.558,1.27,3.55,0,3
USR014612,1.3,21.3,0.92,0.486,0.86,3.7,2,10
USR014613,1.53,39.7,0.46,0.479,1.27,4.91,2,1
USR014632,1.62,47.9,0.28,0.547,1.46,1.84,0,6
USR014641,1.48,15.5,0.92,0.408,0.95,6.41,1,7
USR014655,0.78,45.7,0.29,0.509,1.38,5.56,0,6
USR014671,1.47,32.0,0.89,0.379,1.07,4.36,2,9
USR014675,0.91,24.7,1.21,0.454,1.05,5.55,3,11
USR014678,1.29,53.4,0.78,0.473,1.3,6.05,1,2
USR014680,1.55,44.0,0.25,0.479,1.2,2.46,0,8
USR014684,1.27,37.8,0.67,0.468,1.14,3.54,0,7
USR014687,1.39,24.5,0.74,0.328,0.94,6.53,1,15
USR014694,0.99,26.7,0.36,0.427,0.87,3.79,0,11
USR014697,1.36,53.2,0.59,0.54,1.43,2.12,0,3
USR014703,2.26,29.5,1.35,0.46,1.33,5.12,1,7
USR014709,1.37,52.9,0.2,0.473,1.27,1.0,0,4
USR014719,1.72,33.9,0.9,0.421,1.14,3.34,1,3
USR014728,0.76,24.0,1.26,0.445,1.29,7.01,2,9
USR014733,1.34,15.6,0.92,0.287,0.74,6.71,4,12
USR014734,2.05,23.4,1.01,0.383,1.11,4.96,0,12
USR014740,0.81,33.9,1.32,0.424,1.02,6.88,4,15
USR014754,1.3,52.5,0.21,0.559,1.3,1.04,0,6
USR014759,1.58,27.1,1.32,0.476,1.23,4.8,2,0
USR014766,1.25,32.4,0.93,0.488,1.18,7.18,1,7
USR014787,2.01,31.2,0.44,0.469,1.46,4.78,0,4
USR014795,1.07,45.1,0.41,0.533,1.28,1.36,0,10
USR014834,1.83,28.8,1.09,0.49,1.34,2.06,0,4
USR014842,1.0,59.5,0.78,0.411,1.05,4.57,1,5
USR014847,2.05,47.3,1.16,0.324,0.73,8.42,1,5
USR014848,1.05,36.6,0.75,0.529,1.1,4.23,1,9
USR014858,1.22,23.1,1.21,0.572,1.55,1.94,3,4
USR014874,1.43,36.1,0.83,0.506,1.3,4.69,3,11
USR014879,1.88,18.5,0.96,0.355,0.82,5.79,1,5
USR014882,1.17,50.7,1.1,0.507,1.05,7.58,1,7
USR014899,1.92,37.0,0.24,0.414,1.52,1.48,0,5
USR014918,1.78,63.9,0.61,0.516,1.15,1.97,0,1
USR014921,1.27,13.4,1.42,0.424,1.23,4.63,2,5
USR014929,1.42,4.0,1.46,0.381,0.67,8.96,2,12
USR014938,1.97,24.3,0.87,0.347,1.05,4.43,0,8
USR014940,1.44,41.6,0.59,0.447,1.45,1.59,1,4
USR014946,1.13,15.1,1.06,0.345,0.75,7.91,1,15
USR014960,1.24,21.1,0.91,0.345,0.72,5.91,0,7
USR014966,1.35,40.2,0.28,0.402,0.92,1.55,0,2
USR014967,1.05,32.1,0.68,0.355,1.04,5.41,0,5
USR014968,1.61,21.6,0.77,0.436,1.1,5.18,1,3
USR014975,1.99,47.5,0.49,0.545,1.4,5.23,0,7
USR014978,1.65,33.5,0.96,0.444,1.18,5.95,2,9
USR014979,1.47,40.6,1.23,0.46,0.99,5.2,2,8
USR014982,1.35,32.3,0.61,0.38,1.0,4.98,0,9
USR014996,1.62,31.1,0.42,0.482,1.25,1.87,1,2
USR015005,1.69,34.9,1.14,0.489,1.52,5.38,2,6
USR015016,2.13,33.1,0.64,0.461,1.38,2.67,1,4
USR015034,1.54,28.2,1.04,0.39,1.24,6.02,0,12
USR015039,1.12,25.4,1.22,0.441,1.11,2.65,1,9
USR015054,2.44,19.8,1.22,0.379,0.98,5.74,4,5
USR015061,1.02,28.8,1.04,0.436,1.06,8.82,1,11
USR015063,1.36,32.1,1.01,0.361,1.03,5.24,3,6
USR015071,1.41,51.5,0.83,0.468,0.87,4.38,0,8
USR015079,1.44,30.4,1.15,0.386,0.95,5.96,1,5
USR015091,1.78,68.8,0.34,0.491,1.29,3.91,0,9
USR015094,1.47,34.4,0.75,0.456,1.13,2.29,0,13
USR015096,1.56,44.4,0.67,0.492,1.36,3.89,1,8
USR015104,1.39,49.6,0.89,0.403,1.06,6.21,2,3
USR015111,1.55,32.6,1.21,0.429,1.05,4.44,1,3
USR015125,1.07,23.8,1.37,0.358,0.55,9.35,4,14
USR015126,1.53,25.5,0.94,0.385,0.86,7.96,1,10
USR015130,1.61,37.6,0.59,0.429,1.49,2.19,0,10
USR015143,1.29,24.7,1.11,0.47,0.97,7.28,1,12
USR015148,1.57,27.1,0.91,0.297,0.55,7.11,1,7
USR015149,1.06,13.4,0.76,0.416,0.95,3.52,0,9
USR015159,1.55,26.0,0.72,0.333,1.06,4.53,1,8
USR015161,1.33,34.8,0.67,0.416,1.26,5.12,0,7
USR015166,0.87,28.6,1.03,0.401,0.99,6.02,3,14
USR015170,0.83,35.2,1.25,0.528,1.21,7.84,1,9
USR015172,0.94,19.4,1.29,0.455,1.06,10.03,2,10
USR015208,1.93,31.7,0.71,0.511,1.06,4.03,1,12
USR015212,1.57,37.6,0.71,0.506,1.28,6.27,2,2
USR015214,1.82,65.2,0.36,0.523,1.54,1.0,0,5
USR015228,1.18,56.4,0.41,0.497,1.66,1.0,0,21
USR015229,1.72,41.7,0.73,0.485,1.6,3.99,0,3
USR015233,1.76,18.9,1.43,0.369,0.98,7.42,2,4
USR015237,1.8,39.2,0.56,0.398,1.28,5.08,0,8
USR015239,0.51,19.4,0.81,0.469,1.02,4.42,0,13
USR015257,1.77,32.6,0.6,0.614,1.41,4.1,0,3
USR015258,1.77,30.8,1.2,0.449,0.75,5.04,1,10
USR015266,0.9,45.3,0.8,0.36,0.56,9.72,3,10
USR015295,2.2,47.5,0.24,0.531,0.98,1.44,0,8
USR015313,1.45,27.9,0.9,0.438,1.31,4.08,0,9
USR015328,1.41,72.0,0.1,0.516,1.24,1.0,0,3
USR015342,2.23,25.7,1.3,0.341,0.64,8.28,3,7
USR015345,1.96,42.7,0.76,0.395,1.35,6.5,1,2
USR015349,0.9,19.9,1.07,0.451,0.84,9.51,1,14
USR015360,1.83,31.8,1.07,0.492,1.02,5.53,0,1
USR015363,1.71,16.3,1.24,0.426,0.94,7.21,2,10
USR015366,1.61,63.6,0.73,0.457,1.18,3.08,0,11
USR015367,0.76,19.3,1.5,0.339,0.79,11.03,4,9
USR015368,1.5,33.8,0.54,0.507,1.14,5.77,1,9
USR015374,1.5,14.7,0.74,0.412,1.02,2.98,2,3
USR015391,1.73,13.1,1.09,0.47,1.1,5.53,1,8
USR015412,2.14,73.0,0.24,0.541,1.45,1.0,0,0
USR015422,1.02,65.6,0.41,0.525,1.2,4.26,0,8
USR015437,2.2,65.0,0.51,0.533,1.44,3.61,1,4
USR015467,2.3,35.8,0.54,0.453,1.09,4.16,2,5
USR015473,0.37,14.1,1.05,0.386,0.91,9.38,3,14
USR015476,1.28,22.5,0.67,0.349,0.55,5.63,0,9
USR015484,0.92,33.6,0.76,0.458,1.05,6.53,0,9
USR015487,1.75,50.3,0.13,0.535,1.34,1.77,0,4
USR015496,2.19,42.2,0.63,0.491,1.07,4.76,0,5
USR015505,0.6,39.0,0.24,0.393,1.14,2.57,0,12
USR015509,1.39,49.5,0.68,0.521,1.05,5.18,0,5
USR015525,2.09,48.2,0.16,0.508,1.38,3.01,0,4
USR015531,1.61,26.9,1.33,0.497,1.32,7.03,1,8
USR015533,1.38,24.6,0.98,0.382,0.76,8.84,0,12
USR015543,2.06,69.6,0.1,0.537,1.25,1.0,0,3
USR015549,1.68,22.5,1.31,0.499,1.14,7.17,4,6
USR015553,1.7,33.0,0.39,0.446,1.35,2.91,0,1
USR015556,1.38,13.5,1.13,0.35,0.81,6.22,0,15
USR015564,1.03,58.4,0.57,0.403,1.38,2.14,1,8
USR015566,2.17,49.2,1.19,0.439,1.13,5.56,2,3
USR015575,1.51,26.2,0.86,0.462,1.06,3.18,0,3
USR015579,1.32,20.4,0.84,0.422,1.18,7.94,0,10
USR015587,1.51,58.0,0.68,0.424,1.17,6.07,0,5
USR015596,1.39,26.0,0.97,0.509,1.29,4.95,0,17
USR015611,2.01,37.5,0.39,0.554,1.27,2.56,0,0
USR015623,1.33,18.2,0.84,0.389,1.19,6.05,0,1
USR015631,1.42,24.5,0.64,0.425,1.27,5.78,0,9
USR015637,1.7,35.7,0.62,0.527,1.27,1.15,0,9
USR015653,1.35,25.2,0.7,0.367,0.97,7.1,2,3
USR015658,0.85,19.0,0.85,0.395,0.74,9.12,1,5
USR015659,1.12,9.9,1.63,0.468,0.89,8.49,3,12
USR015671,1.02,52.9,0.59,0.479,1.28,7.39,0,2
USR015675,1.15,51.4,0.43,0.491,1.1,2.87,1,6
USR015676,1.85,29.2,1.25,0.496,1.33,4.29,1,6
USR015708,1.32,17.5,0.64,0.424,1.28,9.42,3,6
USR015709,1.27,28.4,0.88,0.474,0.97,7.82,1,9
USR015718,1.61,26.9,0.97,0.456,1.14,6.27,0,14
USR015721,1.59,52.8,0.57,0.425,0.89,5.54,0,0
USR015729,1.33,18.1,0.51,0.534,1.03,4.1,0,14
USR015740,1.59,17.9,1.08,0.393,1.0,4.96,0,11
USR015755,1.98,50.7,0.53,0.509,1.13,2.49,2,9
USR015764,1.63,24.0,0.9,0.435,0.9,6.84,1,3
USR015768,0.84,30.7,0.79,0.498,1.54,2.48,0,15
USR015793,0.64,23.4,0.89,0.358,1.06,7.14,2,15
USR015806,1.33,28.9,0.86,0.319,0.89,9.56,0,8
USR015807,0.64,35.0,0.87,0.458,1.29,5.97,1,6
USR015811,1.52,44.4,0.64,0.406,1.47,3.67,1,6
USR015823,2.04,23.2,0.7,0.514,1.13,5.56,0,1
USR015836,1.12,61.2,0.71,0.44,1.04,3.96,0,7
USR015851,1.04,24.7,1.54,0.337,0.89,8.39,1,7
USR015860,1.61,31.4,0.7,0.334,0.95,6.55,2,1
USR015868,1.73,28.4,0.78,0.395,0.94,6.09,0,1
USR015899,1.66,38.3,0.81,0.446,1.21,3.89,1,4
USR015927,1.65,24.7,1.33,0.441,0.7,7.56,0,11
USR015953,0.97,20.1,0.84,0.412,0.88,5.53,1,10
USR015959,1.61,59.1,0.49,0.46,1.12,1.62,1,9
USR015963,1.09,47.7,0.57,0.453,1.3,3.91,0,12
USR015964,1.33,26.1,1.08,0.541,1.34,7.15,3,8
USR015970,1.76,28.9,0.68,0.505,1.24,4.64,1,7
USR015974,1.15,18.8,0.92,0.308,0.86,7.66,0,16
USR015979,0.49,20.6,1.03,0.396,0.87,5.71,1,12
USR015992,0.95,35.5,0.67,0.465,1.22,2.29,0,12
USR015997,1.56,41.5,0.61,0.544,1.41,3.34,0,3
USR016000,1.3,15.6,0.93,0.436,1.1,5.67,6,3
USR016004,0.74,52.9,0.91,0.453,1.28,5.1,2,11
USR016012,1.75,53.1,0.49,0.464,1.23,2.0,0,2
USR016013,1.68,25.0,1.05,0.473,0.84,7.76,1,6
USR016035,1.78,75.6,0.88,0.486,1.26,3.82,0,8
USR016047,1.02,41.0,1.07,0.46,1.0,3.09,0,16
USR016052,0.96,15.4,1.16,0.368,0.74,8.85,3,12
USR016057,2.21,25.9,1.02,0.575,1.23,4.05,0,0
USR016063,1.71,55.8,0.6,0.504,1.19,2.46,0,3
USR016084,1.69,53.3,0.14,0.557,1.59,1.45,0,7
USR016087,1.32,16.7,0.97,0.409,1.01,5.01,0,3
USR016100,1.76,26.4,1.08,0.41,0.75,6.48,2,6
USR016112,1.03,23.1,0.9,0.373,0.78,7.25,1,1
USR016113,1.96,40.4,0.74,0.46,1.43,3.74,1,4
USR016116,2.01,48.0,0.78,0.422,1.16,2.17,0,4
USR016127,1.28,50.4,0.56,0.465,1.24,3.58,0,5
USR016129,2.84,37.3,0.61,0.478,1.08,5.09,0,8
USR016146,2.34,69.0,0.31,0.464,1.36,3.46,0,3
USR016148,2.42,56.2,0.41,0.542,1.46,1.9,0,2
USR016163,1.59,4.6,1.3,0.351,0.71,10.32,4,11
USR016181,1.62,40.6,0.87,0.478,0.94,7.26,5,9
USR016192,1.27,26.5,1.14,0.413,1.23,5.57,1,8
USR016198,2.63,29.7,0.58,0.459,1.09,7.01,1,3
USR016202,1.92,42.3,0.25,0.62,1.46,2.29,0,3
USR016203,1.14,37.5,0.55,0.492,0.84,6.82,5,6
USR016208,1.57,38.9,0.76,0.437,1.23,4.16,1,11
USR016210,1.22,44.8,0.84,0.533,1.35,5.74,0,5
USR016211,1.25,37.0,0.77,0.485,0.95,6.42,1,12
USR016215,1.89,46.6,0.58,0.49,1.4,1.0,2,11
USR016222,1.2,28.5,0.54,0.414,0.93,4.27,0,5
USR016227,1.8,39.2,0.87,0.454,1.29,5.88,2,7
USR016231,2.12,60.6,1.11,0.461,0.89,8.22,2,2
USR016241,1.98,31.4,1.08,0.418,1.27,7.46,0,5
USR016245,1.42,38.8,0.82,0.514,1.31,4.22,2,5
USR016253,1.65,34.8,0.32,0.428,0.98,6.23,0,1
USR016257,0.7,32.0,0.91,0.342,1.09,5.19,2,9
USR016266,1.04,25.7,0.86,0.399,1.07,5.29,1,13
USR016267,1.33,20.7,0.93,0.464,0.89,6.83,1,17
USR016268,1.78,47.7,0.52,0.491,1.22,1.0,0,8
USR016273,0.58,4.7,1.23,0.405,0.84,7.37,2,15
USR016276,1.96,63.4,0.77,0.459,1.09,5.36,1,5
USR016277,1.76,51.8,0.42,0.501,1.34,6.19,0,7
USR016278,1.74,46.3,0.53,0.519,1.38,8.44,0,3
USR016279,1.59,32.0,0.49,0.563,1.46,7.42,0,1
USR016281,1.02,47.5,0.94,0.457,1.22,4.98,0,8
USR016286,1.76,60.3,1.01,0.424,1.13,5.27,2,8
USR016295,1.97,30.4,0.51,0.406,0.99,1.0,0,7
USR016328,1.96,29.8,1.19,0.29,0.55,8.55,2,8
USR016329,1.25,27.1,1.08,0.469,1.22,3.99,1,8
USR016344,1.51,49.7,0.1,0.464,1.18,2.45,1,6
USR016348,1.82,27.4,0.72,0.562,1.3,4.43,0,6
USR016354,1.77,38.7,0.67,0.414,0.86,5.7,3,8
USR016362,1.93,14.9,1.46,0.383,0.55,7.78,1,7
USR016368,0.94,50.4,0.29,0.453,1.5,4.77,0,5
USR016372,1.35,10.4,1.34,0.364,1.03,5.2,2,11
USR016380,1.68,28.8,0.83,0.549,1.14,6.0,1,7
USR016392,1.03,49.1,0.74,0.504,1.03,6.26,1,16
USR016410,1.59,44.0,0.37,0.518,1.36,1.46,1,9
USR016415,1.48,53.2,0.57,0.555,1.43,5.73,1,6
USR016416,1.26,30.0,0.72,0.507,1.27,3.43,0,7
USR016422,1.65,30.3,0.59,0.583,1.16,3.9,0,9
USR016423,1.3,41.1,0.53,0.48,1.06,4.69,0,10
USR016424,1.4,42.4,0.77,0.529,1.27,5.13,1,4
USR016428,1.78,35.9,0.57,0.539,1.49,2.68,0,5
USR016435,1.31,44.1,0.91,0.509,1.14,4.02,0,6
USR016436,1.67,16.1,0.83,0.388,1.38,3.37,1,3
USR016439,1.03,25.8,0.91,0.446,0.96,5.14,2,13
USR016451,1.84,22.0,0.77,0.476,0.99,4.45,1,11
USR016454,1.98,22.2,0.81,0.281,1.18,6.63,1,12
USR016457,1.62,29.2,0.9,0.457,0.9,6.14,2,7
USR016458,1.44,43.1,1.01,0.501,1.27,6.22,2,11
USR016462,1.44,43.4,0.24,0.438,1.03,2.83,1,6
USR016468,1.36,16.7,1.42,0.419,1.23,6.37,3,6
USR016486,1.62,32.2,1.0,0.478,1.29,5.21,3,0
USR016497,0.79,27.5,0.77,0.47,1.12,8.31,1,5
USR016501,1.27,55.6,0.51,0.495,1.47,2.74,0,8
USR016514,2.16,33.7,0.87,0.428,1.24,5.53,0,4
USR016515,1.87,28.1,1.05,0.44,0.84,4.12,1,2
USR016525,0.88,17.0,1.18,0.431,1.02,8.43,1,7
USR016528,1.71,36.3,0.35,0.496,1.19,1.42,0,3
USR016540,1.96,23.5,0.78,0.49,1.24,4.56,0,9
USR016543,1.6,37.2,0.7,0.502,1.27,2.92,1,3
USR016550,0.92,43.7,0.47,0.535,1.56,1.0,1,6
USR016551,1.46,33.2,0.48,0.303,0.95,5.16,0,4
USR016558,1.47,17.2,0.82,0.424,1.02,6.79,0,14
USR016564,1.89,41.9,0.6,0.451,0.92,4.94,0,4
USR016569,1.29,44.3,0.92,0.404,1.02,7.0,0,5
USR016579,1.2,22.3,0.69,0.521,1.44,6.55,2,4
USR016591,1.33,15.3,1.17,0.371,0.98,6.55,2,14
USR016597,2.1,37.9,1.08,0.444,1.24,1.16,1,12
USR016604,2.1,26.1,0.76,0.377,0.55,5.68,1,6
USR016606,1.11,42.0,0.59,0.391,1.15,5.65,0,15
USR016627,1.15,57.9,0.1,0.595,1.57,1.0,0,8
USR016628,1.08,37.6,0.74,0.359,0.82,5.54,4,10
USR016650,2.05,43.2,0.92,0.462,0.99,5.21,2,13
USR016654,0.93,39.5,0.39,0.424,1.12,4.73,1,8
USR016655,1.63,31.7,0.8,0.428,1.16,5.25,1,12
USR016656,1.81,31.4,0.9,0.434,1.17,6.12,1,12
USR016667,1.62,17.0,1.36,0.464,0.85,6.9,2,13
USR016672,1.91,13.1,1.19,0.391,0.93,7.41,2,13
USR016685,1.47,67.5,0.45,0.42,0.99,3.18,0,11
USR016689,1.24,65.8,0.69,0.445,1.14,5.73,4,7
USR016690,1.18,49.2,0.71,0.521,1.03,2.92,0,1
USR016701,1.18,17.1,0.33,0.502,1.04,3.16,0,8
USR016704,2.04,29.4,1.27,0.467,1.08,4.32,0,0
USR016709,1.46,36.7,0.53,0.524,1.12,4.56,1,2
USR016712,1.3,40.2,1.0,0.5,1.06,3.49,1,11
USR016728,1.69,23.2,0.88,0.42,1.14,2.95,1,7
USR016735,1.54,21.7,0.92,0.445,0.98,5.05,1,9
USR016736,1.41,14.2,0.74,0.403,1.25,4.15,0,13
USR016739,1.33,28.4,0.72,0.422,1.4,5.63,1,13
USR016744,2.14,45.4,0.71,0.491,1.13,2.51,2,3
USR016745,2.04,63.1,0.66,0.45,1.08,1.55,0,3
USR016751,1.75,21.9,1.0,0.463,1.2,5.53,1,5
USR016775,0.53,35.2,0.65,0.449,0.85,5.84,2,8
USR016781,0.64,14.2,1.26,0.342,0.91,10.96,1,16
USR016789,2.28,21.3,1.04,0.394,0.98,4.49,0,6
USR016792,1.44,32.6,0.78,0.491,1.32,4.04,1,7
USR016797,1.71,43.3,0.84,0.533,1.25,4.77,0,5
USR016803,2.39,33.0,0.71,0.411,1.19,2.7,0,9
USR016808,1.24,66.3,0.39,0.359,1.05,3.67,1,11
USR016810,1.56,24.5,0.92,0.314,0.8,7.55,1,18
USR016814,1.62,24.4,1.37,0.404,0.94,3.44,1,3
USR016817,1.02,51.5,0.55,0.447,1.2,4.5,1,6
USR016825,1.64,10.2,1.62,0.383,0.93,8.01,5,3
USR016831,1.46,28.3,0.72,0.425,1.01,4.87,0,10
USR016834,1.81,22.5,1.4,0.354,0.82,10.54,3,13
USR016835,0.96,25.2,0.8,0.406,1.07,5.9,1,5
USR016837,1.04,4.0,1.22,0.317,0.64,8.2,1,11
USR016839,1.18,28.0,0.99,0.379,1.1,6.14,0,15
USR016842,2.14,42.0,0.96,0.415,1.12,4.15,1,2
USR016853,1.31,29.6,1.31,0.533,1.5,6.22,1,8
USR016854,1.49,14.9,1.15,0.501,1.26,8.56,0,10
USR016856,1.35,38.7,0.62,0.463,1.21,3.9,1,8
USR016857,1.68,60.1,0.1,0.392,1.29,1.0,0,4
USR016885,1.94,44.5,0.17,0.522,1.33,3.88,0,0
USR016888,0.26,17.4,1.11,0.33,0.97,5.11,2,18
USR016893,1.66,31.2,0.63,0.327,0.86,5.46,1,9
USR016900,1.23,32.7,0.35,0.471,1.1,4.97,2,8
USR016908,1.28,25.0,1.08,0.373,0.99,5.69,0,12
USR016920,1.52,43.3,0.92,0.436,0.74,5.87,1,6
USR016930,1.84,19.4,0.81,0.485,1.08,2.7,0,2
USR016938,1.72,31.3,0.4,0.58,1.42,1.0,0,6
USR016945,1.45,71.1,0.44,0.47,1.28,1.0,0,5
USR016946,1.24,22.5,0.38,0.492,1.0,4.71,1,10
USR016949,1.18,31.6,1.27,0.395,0.9,9.69,3,10
USR016958,1.61,45.9,0.8,0.438,1.17,5.27,2,12
USR016973,1.25,47.4,0.99,0.383,0.87,8.93,0,10
USR016978,1.49,20.1,0.82,0.323,0.84,7.17,1,8
USR016994,1.94,53.9,0.32,0.594,1.54,3.64,0,3
USR016995,1.97,42.4,0.45,0.525,1.09,3.01,0,3
USR016998,1.21,17.4,1.2,0.37,0.75,8.32,2,12
USR017015,1.1,50.1,0.22,0.456,1.0,5.43,0,9
USR017016,1.28,45.7,0.76,0.379,0.96,6.26,0,6
USR017021,1.74,33.1,0.43,0.484,1.04,5.9,0,9
USR017022,1.55,20.6,1.16,0.399,0.88,7.29,2,8
USR017037,2.08,29.5,0.89,0.519,0.78,4.77,2,4
USR017049,1.61,25.8,0.73,0.439,1.14,5.19,1,9
USR017053,1.39,25.3,1.21,0.401,0.55,6.77,1,8
USR017055,1.22,33.3,0.76,0.386,1.23,7.03,0,7
USR017068,1.91,30.2,1.21,0.411,1.06,7.97,0,2
USR017070,1.61,68.5,0.13,0.519,1.24,1.0,0,7
USR017078,1.66,30.9,0.81,0.377,0.99,5.8,0,20
USR017090,1.4,27.8,1.01,0.405,1.05,8.58,2,11
USR017101,1.61,31.8,0.42,0.507,1.24,4.21,1,6
USR017110,2.03,39.1,1.36,0.365,1.04,6.96,3,17
USR017116,1.65,46.8,0.83,0.384,1.17,7.92,4,9
USR017118,1.32,20.2,0.75,0.498,0.93,9.55,1,5
USR017135,1.19,31.6,0.49,0.425,1.08,6.22,2,4
USR017139,2.07,16.1,1.0,0.431,0.78,4.06,2,3
USR017149,1.42,26.5,0.85,0.521,1.25,5.2,2,14
USR017152,1.76,22.5,0.18,0.454,0.97,4.83,0,2
USR017165,1.44,27.2,0.88,0.43,0.99,4.56,3,5
USR017167,1.98,30.2,1.1,0.454,1.26,4.29,1,2
USR017193,1.58,17.0,0.52,0.505,1.47,3.34,1,9
USR017196,2.01,57.1,0.1,0.625,1.49,1.88,0,2
USR017199,1.73,18.9,0.64,0.468,1.29,7.95,1,4
USR017209,1.94,8.9,1.34,0.378,1.26,7.58,1,9
USR017219,0.99,11.6,1.55,0.24,0.56,8.15,2,8
USR017220,1.49,46.4,0.76,0.617,1.57,1.0,0,6
USR017241,1.48,26.3,0.69,0.402,1.05,2.92,0,11
USR017250,1.77,33.0,0.73,0.46,1.53,1.0,0,2
USR017269,0.88,22.0,1.4,0.401,0.97,6.16,3,10
USR017280,1.66,51.9,0.54,0.49,1.32,1.0,0,2
USR017286,1.08,14.5,0.99,0.273,0.85,9.23,1,12
USR017288,1.04,44.4,0.71,0.437,0.99,6.32,0,9
USR017290,1.0,42.3,1.0,0.447,1.19,5.57,2,7
USR017296,1.67,57.2,0.4,0.415,1.35,2.46,0,10
USR017300,1.9,25.0,1.26,0.455,1.03,4.87,1,7
USR017302,1.48,42.0,0.8,0.389,1.22,1.1,0,5
USR017310,1.22,32.2,1.25,0.309,0.84,6.56,2,19
USR017341,1.79,26.1,1.07,0.474,1.28,5.32,4,4
USR017344,0.9,37.3,1.0,0.415,0.98,7.5,0,5
USR017366,1.79,57.8,0.86,0.413,0.94,6.62,0,7
USR017368,1.73,31.3,0.88,0.436,1.1,4.74,2,9
USR017369,2.15,63.2,0.26,0.532,1.45,2.55,0,1
USR017378,1.85,64.0,0.4,0.557,1.24,3.91,0,7
USR017384,1.56,31.5,0.46,0.452,1.05,3.19,0,1
USR017386,1.33,10.7,1.29,0.386,0.91,5.35,2,5
USR017391,1.45,27.6,0.68,0.511,1.16,3.98,3,4
USR017393,1.46,20.9,0.99,0.4,1.01,6.43,1,8
USR017424,1.78,28.2,0.66,0.481,1.13,5.28,0,13
USR017427,2.31,72.5,0.1,0.493,1.19,1.88,0,1
USR017451,1.87,64.6,0.76,0.464,1.27,1.69,0,7
USR017458,1.05,25.4,0.7,0.515,1.08,3.68,0,10
USR017460,0.82,28.4,0.87,0.465,1.19,1.99,3,9
USR017465,1.33,44.3,0.72,0.488,1.53,4.07,1,5
USR017480,1.25,60.5,0.35,0.534,1.28,2.54,0,8
USR017481,0.8,47.2,0.8,0.587,1.25,7.7,0,11
USR017500,0.61,38.1,0.87,0.485,1.47,6.8,0,15
USR017510,2.55,30.7,0.59,0.511,0.9,2.63,1,4
USR017526,1.53,41.2,0.58,0.447,1.51,5.61,1,10
USR017549,1.23,24.1,0.97,0.523,1.13,5.41,3,12
USR017558,1.31,39.0,0.83,0.432,1.01,6.58,1,16
USR017572,1.34,33.8,0.67,0.431,1.14,3.06,1,11
USR017586,1.73,21.1,0.84,0.436,0.81,5.5,1,7
USR017591,1.61,35.8,0.58,0.447,0.84,4.17,1,8
USR017605,0.87,60.4,0.32,0.517,1.15,2.35,0,8
USR017620,2.06,47.3,0.8,0.459,1.05,7.71,0,3
USR017628,2.41,43.5,0.92,0.424,1.04,3.17,0,4
USR017629,1.51,31.7,0.81,0.49,1.26,6.36,1,9
USR017634,1.44,25.1,0.78,0.509,1.26,5.69,1,9
USR017640,2.09,31.3,0.85,0.517,1.11,5.83,2,0
USR017650,1.07,29.7,1.06,0.349,1.04,7.21,0,14
USR017652,1.7,51.7,0.41,0.571,1.72,2.87,0,8
USR017662,1.31,9.4,0.86,0.321,0.9,9.42,1,10
USR017665,2.1,39.6,0.48,0.611,1.83,1.0,0,5
USR017666,0.86,25.3,0.77,0.483,1.44,4.19,0,13
USR017676,1.59,55.9,0.59,0.463,1.17,2.8,1,11
USR017684,1.52,40.7,0.98,0.508,1.33,3.26,1,8
USR017691,1.1,43.0,0.89,0.518,1.33,5.53,0,9
USR017692,1.45,31.5,0.87,0.501,1.3,4.94,0,8
USR017695,1.46,59.7,0.45,0.488,1.32,1.0,0,7
USR017703,1.16,25.2,0.73,0.453,1.31,1.79,1,10
USR017745,1.32,24.0,1.2,0.335,1.04,9.69,2,6
USR017754,1.31,41.1,0.56,0.53,1.41,1.01,0,8
USR017755,2.46,28.1,1.21,0.444,1.14,7.14,4,9
USR017775,1.84,28.6,1.0,0.335,0.63,8.94,0,4
USR017783,1.9,57.9,0.52,0.516,1.36,1.8,1,1
USR017795,1.1,20.5,0.68,0.526,1.44,5.61,0,4
USR017803,1.51,47.8,0.82,0.436,0.81,8.02,2,6
USR017807,1.85,61.9,0.66,0.516,1.26,2.43,0,1
USR017816,2.13,32.7,1.05,0.38,1.1,5.28,2,4
USR017819,1.68,34.2,0.97,0.306,1.01,9.36,4,5
USR017823,1.73,40.2,0.99,0.474,1.06,2.2,2,7
USR017826,1.18,9.1,1.48,0.455,0.74,6.37,1,7
USR017838,1.51,16.7,0.68,0.501,0.55,3.83,1,7
USR017843,1.38,11.5,1.05,0.363,1.16,5.66,2,7
USR017856,1.78,21.0,0.93,0.433,1.03,5.84,1,13
USR017859,1.4,47.5,0.16,0.53,1.1,2.1,1,12
USR017880,2.18,41.0,0.57,0.549,1.38,3.0,0,3
USR017890,0.59,34.4,1.26,0.476,1.04,6.06,1,7
USR017891,1.55,52.6,0.81,0.42,1.06,6.9,1,6
USR017900,1.91,45.4,0.49,0.45,1.4,1.14,0,0
USR017921,2.18,72.0,0.55,0.553,1.41,5.43,0,0
USR017930,1.5,35.2,0.56,0.39,1.21,5.56,1,3
USR017939,1.89,29.9,0.8,0.494,1.29,2.88,4,3
USR017967,2.37,44.2,0.9,0.553,1.73,2.36,1,1
USR017980,1.22,27.3,0.94,0.307,0.94,4.71,3,18
USR017986,1.68,15.2,1.14,0.426,1.29,3.93,2,8
USR017998,0.74,17.6,0.59,0.438,0.93,6.43,1,11
USR018000,1.64,18.5,1.06,0.452,1.13,5.48,1,9
